Month,Type,Price,Location,Postcode,Bedrooms,Bathrooms,Parking,Garden,Lease Length,Contact
January,Apartment,840.0,Dublin City South,Dublin 12,1,2,Yes,No,12,Estate Agent
January,House,3110.0,Dublin City Nth.,Dublin 1,3,1,Yes,Yes,6,Owner
January,Apartment,2170.0,Dublin City South,Dublin 2,2,1,No,,12,Estate Agent
January,House,2580.0,Dublin City Sth.,Dublin 6,3,2,Yes,Yes,12,Estate Agent
January,Apartment,1810.0,Dublin City North,Dublin 1,1,1,No,No,12,Estate Agent
January,Apartment,2830.0,Dublin City North,Dublin 1,2,2,No,No,12,Estate Agent
January,House,3520.0,Dublin City North,Dublin 1,4,2,No,Yes,3,Owner
January,Apartment,1650.0,Dublin City North,Dublin 1,1,1,No,No,12,Estate Agent
January,House,3280.0,Dublin City South,Dublin 22,3,2,Yes,Yes,12,Owner
January,Apartment,830.0,Dublin City South,Dublin 18,1,1,No,,120,Estate Agent
January,Apartment,3030.0,Dublin City North,Dublin 1,2,1,Yes,No,12,Estate Agent
January,Apartment,1940.0,Dublin City South,Dublin 2,2,1,No,No,3,Estate Agent
January,Apartment,1040.0,Dublin City South,Dublin 16,2,1,No,No,12,Estate Agent
January,Apartment,2210.0,Dublin City North,Dublin 1,1,1,Yes,No,3,Estate Agent
January,Apartment,1600.0,Dublin City North,Dublin 13,1,1,Yes,No,12,Owner
January,Apartment,1020.0,Dublin City North,Dublin 7,2,1,No,No,12,Estate Agent
January,Apartment,1050.0,Dublin City South,Dublin 20,1,2,No,No,6,Estate Agent
January,House,3880.0,Dublin City North,Dublin 7,5,1,Yes,Yes,12,Owner
January,Apartment,1490.0,Dublin City Nth.,Dublin 1,1,1,No,No,12,Estate Agent
January,House,3270.0,Dublin City North,Dublin 9,3,2,Yes,No,12,Owner
January,House,2310.0,Dublin City Nth.,Dublin 15,3,1,Yes,Yes,6,Owner
January,Apartment,1540.0,Dublin City North,Dublin 15,1,2,Yes,No,12,Owner
January,Apartment,2500.0,Dublin City South,Dublin 6,2,1,No,No,12,Estate Agent
January,Apartment,3090.0,Dublin City South,Dublin 12,3,2,No,No,12,Estate Agent
January,Apartment,2660.0,Dublin City Nth.,Dublin 1,2,2,No,No,3,Estate Agent
January,House,4690.0,Dublin City South,Dublin 12,2,2,Yes,Yes,12,Estate Agent
January,Apartment,3370.0,Dublin City South,Dublin 2,2,1,No,No,12,Owner
January,Apartment,1800.0,Dublin City North,Dublin 1,1,2,Yes,No,12,Estate Agent
January,Apartment,1250.0,Dublin City North,Dublin 15,2,1,No,No,12,Estate Agent
January,Apartment,1800.0,Dublin City South,Dublin 2,1,1,No,No,12,Estate Agent
January,Apartment,2150.0,Dublin City Nth.,Dublin 1,1,1,No,,6,Estate Agent
January,House,5660.0,Dublin City South,Dublin 4,3,2,No,Yes,6,Estate Agent
January,House,3050.0,Dublin City South,Dublin 10,4,4,Yes,Yes,6,Estate Agent
January,Apartment,1600.0,Dublin City South,Dublin 2,2,1,No,No,12,Owner
January,House,3710.0,Dublin City Nth.,Dublin 1,4,4,Yes,Yes,12,Estate Agent
January,House,4340.0,Dublin City South,Dublin 18,4,1,Yes,,12,Owner
January,Apartment,1710.0,Dublin City South,Dublin 2,2,1,No,No,12,Estate Agent
January,Apartment,2040.0,Dublin City South,Dublin 2,2,1,No,No,12,Estate  Agent
January,Apartment,1000.0,Dublin City North,Dublin 11,1,1,No,No,12,Owner
January,Apartment,1560.0,Dublin City Sth.,Dublin 24,1,2,No,No,12,Estate Agent
January,House,4120.0,Dublin City South,Dublin 22,3,2,Yes,Yes,6,Estate Agent
January,Apartment,1960.0,Dublin City Nth.,Dublin 1,1,1,Yes,No,6,Estate Agent
January,Apartment,1240.0,Dublin City North,Dublin 1,2,1,No,No,12,Owner
January,Apartment,820.0,South Co Dublin,,1,2,No,No,12,Estate Agent
January,Apartment,1200.0,Dublin City South,Dublin 2,2,2,No,No,12,Estate Agent
January,Apartment,3810.0,Dublin City North,Dublin 11,3,1,No,No,12,Owner
January,Apartment,840.0,Dublin City North,Dublin 3,1,1,No,No,12,Estate Agent
January,Apartment,1340.0,Dublin City North,Dublin 7,1,1,Yes,No,12,Owner
January,House,4150.0,Dublin City North,Dublin 11,4,2,Yes,Yes,6,Owner
January,Apartment,1700.0,Dublin City South,Dublin 8,1,2,No,,12,Owner
January,House,3240.0,Dublin City North,Dublin 1,3,2,Yes,Yes,6,Owner
January,Apartment,810.0,Dublin City Nth.,Dublin 11,1,1,No,No,6,Estate Agent
January,House,4860.0,Dublin City North,Dublin 1,3,1,Yes,Yes,12,Estate Agent
January,Apartment,3580.0,Dublin City Nth.,Dublin 1,3,2,No,No,12,Estate Agent
January,Apartment,1630.0,Dublin City North,Dublin 17,1,2,No,No,12,Owner
January,Apartment,1320.0,Dublin City Sth.,Dublin 6,1,2,No,No,12,Estate Agent
January,Apartment,2060.0,Dublin City North,Dublin 1,1,2,Yes,No,3,Estate Agent
January,House,2910.0,Dublin City Sth.,Dublin 18,3,1,Yes,,12,Estate Agent
January,Apartment,1130.0,Dublin City North,Dublin 1,1,1,No,No,12,Owner
January,Apartment,1410.0,Dublin City South,Dublin 14,1,1,No,No,12,Owner
January,House,5100.0,Dublin City South,Dublin 18,3,2,No,Yes,,Owner
January,House,4320.0,Dublin City Nth.,Dublin 11,3,2,Yes,Yes,6,Estate Agent
January,Apartment,3010.0,North  Co Dublin,,3,2,No,No,12,Owner
January,Apartment,1380.0,Dublin City Nth.,Dublin 5,2,1,No,No,6,Estate Agent
January,Apartment,2690.0,Dublin City North,Dublin 1,3,2,No,No,3,Estate Agent
January,Apartment,2220.0,Dublin City Nth.,Dublin 15,2,2,No,No,12,Estate Agent
January,House,4390.0,Dublin City South,Dublin 6W,4,1,Yes,Yes,120,Estate Agent
January,House,5010.0,Dublin City North,Dublin 7,3,2,Yes,Yes,12,Owner
January,Apartment,1950.0,Dublin City South,Dublin 18,2,1,No,No,12,Estate Agent
January,House,4870.0,Dublin City South,Dublin 8,4,1,Yes,Yes,12,Owner
January,House,4920.0,Dublin City Sth.,Dublin 4,3,1,Yes,Yes,6,Estate Agent
January,Apartment,1220.0,South Co Dublin,,1,1,No,No,3,Estate Agent
January,Apartment,1080.0,Dublin City South,Dublin 2,1,2,No,No,12,Estate Agent
January,Apartment,1840.0,South Co Dublin,,1,2,No,No,6,Estate Agent
January,Apartment,1520.0,Dublin City South,Dublin 2,1,1,Yes,,12,Estate Agent
January,Apartment,1750.0,North Co Dublin,,2,2,No,No,12,Estate Agent
January,Apartment,2560.0,Dublin City Nth.,Dublin 1,2,1,No,No,12,Estate Agent
January,Apartment,2600.0,Dublin City Nth.,Dublin 13,2,2,,No,12,Estate Agent
January,Apartment,2270.0,Dublin City South,Dublin 2,1,1,Yes,No,12,Estate Agent
January,Apartment,1990.0,Dublin City South,Dublin 6W,2,2,No,No,12,Estate Agent
January,Apartment,1620.0,Dublin City North,Dublin 11,1,1,No,No,6,Estate Agent
January,House,2490.0,Dublin City North,Dublin 1,3,2,Yes,Yes,12,Estate Agent
January,Apartment,2430.0,Dublin City Nth.,Dublin 3,1,1,No,No,3,Owner
January,House,3500.0,Dublin City Sth.,Dublin 16,3,2,Yes,Yes,12,Estate Agent
January,Apartment,1200.0,Dublin City North,Dublin 1,1,2,No,,12,Owner
January,Apartment,4640.0,Dublin City South,Dublin 2,3,1,No,No,12,Owner
January,House,4530.0,Dublin City South,Dublin 20,3,2,Yes,,6,Owner
January,Apartment,1760.0,Dublin City North,Dublin 1,1,1,No,No,12,Owner
January,Apartment,1360.0,Dublin City Nth.,Dublin 13,1,2,No,No,6,Owner
January,Apartment,990.0,Dublin City North,Dublin 7,1,2,Yes,No,120,Owner
January,Apartment,1940.0,Dublin City North,Dublin 1,1,2,No,No,12,Estate Agent
January,Apartment,1940.0,Dublin City South,Dublin 2,2,1,No,No,12,Estate Agent
January,Apartment,1070.0,Dublin City Sth.,Dublin 10,1,1,No,No,6,Estate Agent
January,Apartment,2280.0,Dublin City North,Dublin 1,2,1,Yes,No,12,Estate Agent
January,Apartment,1060.0,Dublin City North,Dublin 9,2,1,No,No,12,Estate Agent
January,Apartment,1470.0,Dublin City North,Dublin 11,2,1,No,No,60,Estate Agent
January,Apartment,2980.0,Dublin City South,Dublin 2,2,2,No,No,12,Estate Agent
January,House,2470.0,Dublin City Nth.,Dublin 3,4,4,No,Yes,12,Owner
January,House,4970.0,Dublin City North,Dublin 9,4,4,Yes,Yes,12,Estate Agent
January,House,3250.0,Dublin City South,Dublin 16,3,2,Yes,Yes,12,Owner
January,Apartment,2100.0,Dublin City North,Dublin 1,1,1,No,No,60,Estate Agent
January,Apartment,2180.0,Dublin City Nth.,Dublin 1,1,1,No,No,6,Estate Agent
January,Apartment,2220.0,Dublin City Sth.,Dublin 18,2,2,,No,12,Estate Agent
January,Apartment,1200.0,Dublin City South,Dublin 6W,2,1,No,No,6,Owner
January,House,3740.0,Dublin City Nth.,Dublin 11,3,2,Yes,Yes,12,Estate Agent
January,House,2580.0,Dublin City South,Dublin 22,3,2,Yes,Yes,12,Estate Agent
January,Apartment,790.0,Dublin City Sth.,Dublin 14,1,2,No,No,6,Owner
January,Apartment,710.0,Dublin City Nth.,Dublin 11,1,1,Yes,No,120,Owner
January,Apartment,870.0,Dublin City North,Dublin 1,1,2,,No,6,Owner
January,Apartment,1050.0,Dublin City South,Dublin 2,1,2,No,No,12,Estate Agent
January,House,5510.0,Dublin City South,Dublin 2,4,1,Yes,Yes,12,Estate Agent
January,Apartment,1520.0,North Co Dublin,,1,1,No,No,12,Estate Agent
January,Apartment,1550.0,Dublin City North,Dublin 1,1,1,No,No,3,Estate Agent
January,Apartment,880.0,Dublin City Sth.,Dublin 20,2,2,No,,12,Owner
January,House,3940.0,Dublin City South,Dublin 2,3,1,Yes,Yes,12,Owner
January,Apartment,1280.0,Dublin City South,Dublin 2,1,2,No,No,12,Owner
January,House,3130.0,Dublin City South,Dublin 12,4,1,Yes,Yes,3,Owner
January,Apartment,1050.0,Dublin City Sth.,Dublin 4,1,1,No,No,12,Estate Agent
January,Apartment,890.0,Dublin City North,Dublin 1,1,2,No,No,12,Estate Agent
January,Apartment,2830.0,Dublin City South,Dublin 2,2,2,No,No,12,Estate Agent
January,Apartment,1650.0,Dublin City Nth.,Dublin 1,2,1,Yes,No,12,Estate Agent
January,Apartment,1680.0,Dublin City North,Dublin 17,1,1,No,No,12,Estate Agent
January,Apartment,1650.0,Dublin City North,Dublin 17,1,1,No,No,12,Owner
January,Apartment,1190.0,Dublin City South,Dublin 10,1,2,Yes,No,12,Owner
January,House,2850.0,Dublin City North,Dublin 1,4,4,Yes,Yes,12,Estate Agent
January,Apartment,1120.0,Dublin City South,Dublin 20,1,1,Yes,No,12,Estate Agent
January,Apartment,1640.0,North Co Dublin,,1,2,,No,12,Estate Agent
January,House,3350.0,Dublin City South,Dublin 14,3,1,No,Yes,12,Owner
January,Apartment,2160.0,Dublin City South,Dublin 2,1,1,No,No,12,Owner
January,Apartment,790.0,Dublin City South,Dublin 10,1,1,Yes,No,,Estate Agent
January,Apartment,5010.0,Dublin City South,Dublin 2,3,1,,No,12,Estate Agent
January,Apartment,3250.0,Dublin City South,Dublin 2,2,2,No,No,12,Estate Agent
January,Apartment,2830.0,Dublin City South,Dublin 2,2,2,,No,3,Estate Agent
January,House,5380.0,Dublin City Sth.,Dublin 2,3,2,Yes,Yes,12,Owner
January,Apartment,2320.0,Dublin City South,Dublin 2,2,1,No,No,12,Estate Agent
January,Apartment,710.0,Dublin City South,Dublin 20,1,1,,No,12,Estate Agent
January,House,3300.0,Dublin City North,Dublin 13,3,2,Yes,Yes,3,Owner
January,Apartment,1500.0,Dublin City North,Dublin 1,2,1,No,No,12,Estate Agent
January,Apartment,1370.0,Dublin City Nth.,Dublin 1,2,2,No,,12,Estate Agent
January,Apartment,1820.0,Dublin City South,Dublin 8,1,1,No,No,12,Estate Agent
January,House,2930.0,South Co Dublin,,4,3,Yes,Yes,12,Estate Agent
January,Apartment,2570.0,Dublin City Sth.,Dublin 2,2,2,No,No,12,Owner
January,Apartment,3440.0,Dublin City Sth.,Dublin 2,3,2,No,No,12,Owner
January,Apartment,1190.0,Dublin City South,Dublin 2,1,2,No,No,12,Estate Agent
January,House,2490.0,North Co Dublin,,5,1,No,Yes,12,Estate Agent
January,House,3240.0,Dublin City North,Dublin 1,4,1,No,Yes,120,Owner
January,Apartment,2190.0,Dublin City North,Dublin 5,2,2,No,No,12,Estate Agent
January,Apartment,970.0,Dublin City North,Dublin 9,1,2,Yes,No,12,Estate Agent
January,House,3570.0,Dublin City South,Dublin 24,3,1,Yes,,12,Owner
January,Apartment,1360.0,Dublin City North,Dublin 17,1,2,No,,12,Estate Agent
January,House,4880.0,Dublin City South,Dublin 6W,3,1,Yes,Yes,3,Owner
January,House,4070.0,South Co Dublin,,4,4,Yes,Yes,3,Owner
January,Apartment,2800.0,Dublin City Sth.,Dublin 8,2,1,No,No,12,Estate Agent
January,Apartment,1320.0,Dublin City North,Dublin 1,1,2,No,No,,Estate Agent
January,Apartment,1310.0,Dublin City North,Dublin 1,1,2,No,No,3,Estate Agent
January,Apartment,1430.0,Dublin City North,Dublin 11,1,1,No,No,12,Estate Agent
January,House,3340.0,Dublin City North,Dublin 11,3,2,Yes,Yes,12,Estate Agent
January,Apartment,1880.0,Dublin City North,Dublin 1,2,2,No,No,12,Estate Agent
January,Apartment,1620.0,Dublin City North,Dublin 9,1,1,Yes,No,12,Estate Agent
January,House,4900.0,Dublin City South,Dublin 4,4,1,Yes,Yes,3,Estate Agent
January,Apartment,1780.0,Dublin City Sth.,Dublin 2,1,2,Yes,No,3,Estate Agent
January,Apartment,2320.0,Dublin City Sth.,Dublin 4,2,2,No,,6,Estate Agent
January,Apartment,1660.0,South Co Dublin,,1,1,Yes,No,6,Owner
January,Apartment,2130.0,Dublin City North,Dublin 1,1,2,No,No,12,Estate Agent
January,Apartment,900.0,Dublin City Nth.,Dublin 1,1,1,No,No,12,Owner
January,Apartment,2020.0,Dublin City Sth.,Dublin 18,2,1,No,No,12,Estate Agent
January,House,4080.0,Dublin City South,Dublin 16,4,3,,Yes,12,Estate  Agent
January,Apartment,3510.0,Dublin City South,Dublin 2,3,1,,No,12,Estate Agent
January,House,3880.0,Dublin City North,Dublin 5,3,2,Yes,Yes,3,Estate Agent
January,Apartment,2690.0,Dublin City South,Dublin 4,1,1,No,No,3,Estate  Agent
January,Apartment,1920.0,Dublin City North,Dublin 5,1,2,No,No,12,Estate Agent
January,House,3260.0,Dublin City South,Dublin 6W,4,1,No,Yes,3,Owner
January,Apartment,1350.0,Dublin City South,Dublin 12,1,2,No,No,12,Owner
January,Apartment,1580.0,Dublin City South,Dublin 4,1,2,Yes,No,3,Estate Agent
January,Apartment,1190.0,Dublin City Sth.,Dublin 8,1,2,No,No,12,Estate Agent
January,Apartment,1320.0,Dublin City Nth.,Dublin 1,2,1,No,,60,Estate Agent
January,Apartment,1330.0,Dublin City Sth.,Dublin 10,1,2,No,No,12,Owner
January,Apartment,910.0,Dublin City North,Dublin 17,2,1,,No,12,Estate Agent
January,Apartment,3660.0,Dublin City South,Dublin 2,3,2,No,No,12,Estate Agent
January,House,3680.0,Dublin City South,Dublin 2,3,1,Yes,Yes,12,Owner
February,Apartment,2510.0,Dublin City Sth.,Dublin 16,2,2,No,No,12,Owner
February,Apartment,2810.0,Dublin City South,Dublin 2,2,1,Yes,No,12,Estate Agent
February,House,6220.0,Dublin City South,Dublin 18,1,2,Yes,Yes,3,Owner
February,House,5460.0,Dublin City Nth.,Dublin 1,3,2,Yes,Yes,6,Estate Agent
February,Apartment,1370.0,Dublin City Nth.,Dublin 17,1,2,No,No,12,Owner
February,Apartment,4920.0,Dublin City South,Dublin 2,3,2,Yes,No,12,Owner
February,House,2310.0,Dublin City North,Dublin 13,4,2,Yes,Yes,12,Owner
February,Apartment,1840.0,Dublin City North,Dublin 15,1,2,Yes,No,3,Estate Agent
February,Apartment,2800.0,Dublin City South,Dublin 4,2,2,No,No,12,Estate Agent
February,Apartment,2450.0,Dublin City North,Dublin 1,3,1,No,No,12,Estate Agent
February,Apartment,1870.0,South Co Dublin,,1,1,No,No,60,Estate Agent
February,Apartment,1950.0,Dublin City Sth.,Dublin 2,1,1,No,No,,Estate Agent
February,Apartment,3200.0,Dublin City Sth.,Dublin 2,2,1,Yes,No,6,Estate Agent
February,Apartment,1000.0,Dublin City South,Dublin 18,1,2,No,No,12,Owner
February,Apartment,1770.0,Dublin City North,Dublin 1,1,1,No,No,12,Estate Agent
February,Apartment,3190.0,Dublin City North,Dublin 1,2,1,Yes,No,3,Estate Agent
February,Apartment,3540.0,Dublin City Sth.,Dublin 2,3,1,No,No,12,Estate Agent
February,Apartment,2410.0,Dublin City South,Dublin 4,1,2,No,No,12,Estate Agent
February,Apartment,2040.0,Dublin City South,Dublin 2,1,1,No,No,12,Estate Agent
February,Apartment,1710.0,Dublin City South,Dublin 6W,2,1,No,No,12,Owner
February,Apartment,2690.0,Dublin City Sth.,Dublin 2,2,2,No,No,3,Estate Agent
February,Apartment,2310.0,Dublin City North,Dublin 1,2,1,No,No,12,Estate Agent
February,Apartment,2110.0,Dublin City North,Dublin 1,3,1,No,No,12,Estate Agent
February,Apartment,2020.0,Dublin City North,Dublin 1,2,1,Yes,No,6,Estate Agent
February,Apartment,2660.0,Dublin City North,Dublin 1,2,2,Yes,No,6,Estate Agent
February,House,2870.0,Dublin City Sth.,Dublin 2,3,2,No,Yes,6,Estate Agent
February,Apartment,2840.0,Dublin City South,Dublin 2,2,1,No,No,12,Estate Agent
February,Apartment,1880.0,Dublin City North,Dublin 1,1,1,Yes,No,6,Estate Agent
February,Apartment,900.0,Dublin City North,Dublin 1,1,1,No,No,12,Estate Agent
February,Apartment,1540.0,Dublin City South,Dublin 2,2,1,No,No,12,Estate Agent
February,Apartment,2400.0,Dublin City South,Dublin 2,1,1,No,No,12,Estate Agent
February,Apartment,1280.0,Dublin City North,Dublin 1,1,2,Yes,,12,Owner
February,Apartment,1090.0,Dublin City Nth.,Dublin 1,2,1,Yes,No,12,Estate Agent
February,Apartment,2360.0,Dublin City South,Dublin 2,1,2,No,No,12,Owner
February,Apartment,1220.0,Dublin City North,Dublin 1,1,2,No,No,12,Estate Agent
February,Apartment,1490.0,Dublin City South,Dublin 22,2,2,No,No,12,Estate Agent
February,Apartment,1060.0,Dublin City Nth.,Dublin 17,1,1,Yes,No,12,Estate Agent
February,House,2720.0,Dublin City South,Dublin 22,3,2,Yes,Yes,6,Estate Agent
February,Apartment,2670.0,Dublin City South,Dublin 4,2,2,No,No,12,Estate Agent
February,Apartment,1060.0,Dublin City Sth.,Dublin 2,1,1,No,No,12,Estate Agent
February,House,3940.0,Dublin City South,Dublin 22,3,2,Yes,Yes,120,Estate Agent
February,Apartment,1750.0,Dublin City South,Dublin 6W,2,1,Yes,No,6,Estate Agent
February,House,3400.0,Dublin City South,Dublin 24,2,2,,Yes,12,Owner
February,Apartment,1890.0,Dublin City South,Dublin 2,2,1,No,,12,Estate Agent
February,Apartment,4880.0,Dublin City Nth.,Dublin 1,3,2,No,No,12,Owner
February,Apartment,1130.0,Dublin City South,Dublin 20,2,1,Yes,No,12,Estate Agent
February,Apartment,2250.0,Dublin City North,Dublin 1,2,2,No,No,12,Estate Agent
February,Apartment,1450.0,Dublin City South,Dublin 24,1,1,,No,6,Estate Agent
February,House,3970.0,Dublin City North,Dublin 11,3,2,No,Yes,12,Estate Agent
February,Apartment,3110.0,Dublin City Sth.,Dublin 2,3,2,No,No,6,Owner
February,Apartment,2890.0,Dublin City South,Dublin 2,2,1,No,No,12,Estate Agent
February,House,3500.0,Dublin City North,Dublin 1,3,2,Yes,Yes,12,Owner
February,Apartment,1770.0,North Co Dublin,,2,2,No,No,12,Owner
February,Apartment,2230.0,Dublin City North,Dublin 1,2,2,No,No,6,Estate Agent
February,House,4760.0,Dublin City Nth.,Dublin 13,4,1,No,,12,Estate Agent
February,Apartment,1750.0,Dublin City Nth.,Dublin 17,2,2,No,No,12,Estate Agent
February,Apartment,1440.0,Dublin City South,Dublin 24,2,2,No,No,12,Estate Agent
February,Apartment,2750.0,Dublin City North,Dublin 3,2,1,No,No,12,Estate Agent
February,House,4920.0,North Co Dublin,,4,2,Yes,Yes,3,Estate Agent
February,Apartment,1350.0,Dublin City North,Dublin 1,2,1,No,No,12,Estate Agent
February,Apartment,1340.0,Dublin City North,Dublin 3,2,2,Yes,,6,Estate Agent
February,Apartment,1850.0,Dublin City Sth.,Dublin 2,2,2,No,No,12,Estate Agent
February,Apartment,3190.0,Dublin City Nth.,Dublin 1,2,1,No,No,3,Owner
February,Apartment,1970.0,Dublin City South,Dublin 8,2,2,No,No,120,Owner
February,House,2590.0,Dublin City Sth.,Dublin 10,4,4,Yes,Yes,12,Owner
February,Apartment,1250.0,Dublin City North,Dublin 3,2,2,No,No,12,Estate Agent
February,Apartment,1420.0,Dublin City North,Dublin 1,1,2,No,,12,Owner
February,Apartment,2050.0,South Co Dublin,,1,2,No,No,12,Owner
February,Apartment,5210.0,Dublin City Sth.,Dublin 6,3,2,No,No,12,Owner
February,Apartment,1970.0,Dublin City Sth.,Dublin 2,2,2,No,No,12,Estate Agent
February,Apartment,1350.0,Dublin City North,Dublin 1,1,1,Yes,No,12,Estate Agent
February,House,3170.0,Dublin City North,Dublin 15,3,2,No,Yes,3,Estate Agent
February,Apartment,2380.0,Dublin City North,Dublin 11,2,1,No,No,12,Estate Agent
February,Apartment,2870.0,Dublin City North,Dublin 17,2,2,Yes,No,3,Estate Agent
February,Apartment,3000.0,Dublin City Nth.,Dublin 9,2,1,No,No,3,Estate Agent
February,Apartment,1450.0,Dublin City South,Dublin 12,1,1,No,No,12,Estate Agent
February,Apartment,1830.0,Dublin City North,Dublin 9,1,2,No,No,12,Estate Agent
February,Apartment,4260.0,South Co Dublin,,3,2,No,No,6,Estate Agent
February,Apartment,2970.0,Dublin City North,Dublin 1,2,1,No,No,12,Estate Agent
February,House,3760.0,South Co Dublin,,4,1,Yes,Yes,120,Estate Agent
February,Apartment,990.0,Dublin City South,Dublin 2,1,2,No,No,12,Estate Agent
February,House,5810.0,Dublin City South,Dublin 2,4,3,Yes,Yes,12,Estate Agent
February,Apartment,1340.0,Dublin City South,Dublin 2,1,2,No,No,12,Estate Agent
February,House,4000.0,Dublin City Sth.,Dublin 20,4,1,Yes,Yes,12,Estate Agent
February,House,6820.0,Dublin City South,Dublin 4,4,4,Yes,Yes,12,Estate Agent
February,Apartment,2330.0,Dublin City South,Dublin 24,2,2,No,No,12,Estate Agent
February,Apartment,1300.0,Dublin City North,Dublin 1,1,2,No,No,120,Estate Agent
February,Apartment,1820.0,Dublin City South,Dublin 2,2,2,No,No,12,Estate Agent
February,Apartment,870.0,Dublin City North,Dublin 1,1,2,No,No,12,Estate Agent
February,Apartment,1470.0,Dublin City South,Dublin 24,1,1,,No,,Estate Agent
February,Apartment,960.0,Dublin City North,Dublin 1,1,2,No,No,12,Estate Agent
February,Apartment,1610.0,Dublin City North,Dublin 7,2,2,Yes,No,3,Estate Agent
February,Apartment,1060.0,Dublin City North,Dublin 1,1,1,No,No,12,Owner
February,Apartment,1790.0,Dublin City North,Dublin 1,1,1,Yes,No,12,Estate Agent
February,Apartment,1650.0,South Co Dublin,,1,1,No,No,12,Estate Agent
February,Apartment,1090.0,Dublin City South,Dublin 24,2,1,No,No,12,Estate Agent
February,House,4060.0,Dublin City North,Dublin 15,3,2,No,Yes,3,Estate Agent
February,Apartment,1130.0,Dublin City South,Dublin 10,2,2,No,No,120,Estate Agent
February,Apartment,880.0,Dublin City North,Dublin 1,1,1,Yes,No,12,Estate Agent
February,House,6000.0,Dublin City South,Dublin 4,3,1,Yes,Yes,12,Owner
February,Apartment,1630.0,Dublin City South,Dublin 4,2,2,No,No,6,Estate Agent
February,Apartment,2800.0,Dublin City North,Dublin 15,2,2,No,No,3,Estate Agent
February,Apartment,2510.0,South Co Dublin,,2,2,No,No,120,Estate Agent
February,Apartment,2450.0,Dublin City Nth.,Dublin 1,2,1,Yes,No,12,Estate  Agent
February,Apartment,1550.0,Dublin City North,Dublin 1,1,1,No,,12,Owner
February,Apartment,1940.0,Dublin City North,Dublin 1,1,2,No,No,12,Estate Agent
February,Apartment,1600.0,Dublin City Nth.,Dublin 1,1,2,No,No,12,Estate Agent
February,Apartment,930.0,Dublin City South,Dublin 2,1,1,,No,12,Estate Agent
February,Apartment,2070.0,Dublin City North,Dublin 1,2,1,Yes,No,,Estate Agent
February,Apartment,1360.0,Dublin City South,Dublin 24,1,1,No,No,6,Estate Agent
February,Apartment,1200.0,Dublin City Nth.,Dublin 15,2,1,No,No,12,Estate Agent
February,Apartment,1400.0,Dublin City Sth.,Dublin 2,2,1,No,No,6,Estate Agent
February,Apartment,740.0,Dublin City North,Dublin 9,1,1,Yes,No,12,Estate Agent
February,Apartment,1780.0,Dublin City South,Dublin 2,1,2,No,No,12,Estate Agent
February,Apartment,1120.0,Dublin City South,Dublin 14,1,2,No,No,6,Estate Agent
February,Apartment,2840.0,Dublin City North,Dublin 1,2,2,No,No,12,Estate Agent
February,Apartment,2880.0,Dublin City South,Dublin 22,3,2,Yes,,120,Estate Agent
February,Apartment,750.0,North Co Dublin,,1,1,Yes,No,12,Estate Agent
February,Apartment,920.0,Dublin City Nth.,Dublin 1,1,1,No,No,12,Estate Agent
February,House,3350.0,Dublin City North,Dublin 7,4,3,No,Yes,12,Estate Agent
February,Apartment,860.0,Dublin City North,Dublin 1,1,2,No,,12,Estate Agent
February,Apartment,5080.0,Dublin City Sth.,Dublin 2,3,1,No,No,12,Estate Agent
February,House,4600.0,Dublin City South,Dublin 6W,3,1,No,Yes,3,Owner
February,Apartment,2360.0,Dublin City Nth.,Dublin 1,2,1,No,No,12,Estate Agent
February,House,3230.0,Dublin City North,Dublin 1,4,3,Yes,Yes,12,Estate Agent
February,Apartment,1110.0,Dublin City Sth.,Dublin 14,1,2,No,No,12,Owner
February,Apartment,1640.0,Dublin City South,Dublin 12,1,1,No,No,12,Owner
February,Apartment,1920.0,Dublin City South,Dublin 24,2,1,No,No,12,Owner
February,House,2500.0,Dublin City South,Dublin 6,4,1,No,,12,Owner
February,Apartment,2680.0,Dublin City South,Dublin 18,3,1,No,No,6,Estate Agent
February,House,3970.0,Dublin City South,Dublin 22,3,2,No,Yes,120,Estate Agent
February,Apartment,1600.0,Dublin City North,Dublin 1,1,2,No,No,12,Estate Agent
February,House,3530.0,Dublin City North,Dublin 9,3,2,Yes,Yes,12,Estate Agent
February,Apartment,2140.0,Dublin City North,Dublin 1,2,1,Yes,No,12,Estate Agent
February,Apartment,1280.0,Dublin City Sth.,Dublin 2,1,1,No,No,12,Estate Agent
February,Apartment,2040.0,Dublin City Nth.,Dublin 1,1,2,No,No,3,Estate Agent
February,Apartment,1580.0,Dublin City South,Dublin 12,1,1,Yes,No,12,Owner
February,Apartment,4000.0,Dublin City North,Dublin 1,3,2,No,No,60,Estate Agent
February,Apartment,2330.0,Dublin City Sth.,Dublin 2,1,2,No,No,12,Estate Agent
February,Apartment,1410.0,Dublin City South,Dublin 20,3,1,No,No,12,Estate Agent
February,House,2230.0,Dublin City Nth.,Dublin 9,3,1,Yes,Yes,12,Owner
February,Apartment,1080.0,Dublin City Sth.,Dublin 18,1,1,No,,12,Estate Agent
February,Apartment,1480.0,Dublin City South,Dublin 8,1,1,No,,12,Owner
February,House,4130.0,Dublin City Sth.,Dublin 22,3,2,Yes,Yes,30,Estate Agent
February,Apartment,1110.0,Dublin City South,Dublin 22,1,1,No,No,,Estate Agent
February,Apartment,5100.0,Dublin City North,Dublin 3,3,1,No,,12,Estate Agent
February,Apartment,1170.0,Dublin City Sth.,Dublin 16,1,2,Yes,,3,Owner
February,Apartment,1090.0,Dublin City South,Dublin 2,1,2,No,No,12,Estate Agent
February,Apartment,1810.0,Dublin City Sth.,Dublin 2,1,1,No,No,6,Estate Agent
February,Apartment,1130.0,Dublin City Sth.,Dublin 6W,2,1,,,12,Estate Agent
February,House,3360.0,Dublin City North,Dublin 1,3,2,No,Yes,3,Estate Agent
February,Apartment,1400.0,Dublin City South,Dublin 2,1,1,No,No,12,Estate Agent
February,House,3800.0,Dublin City South,Dublin 12,2,2,Yes,Yes,6,Owner
February,Apartment,1180.0,Dublin City South,Dublin 2,1,1,Yes,No,6,Estate Agent
February,Apartment,1910.0,Dublin City North,Dublin 1,3,1,No,No,12,Estate Agent
February,Apartment,1090.0,Dublin City Sth.,Dublin 22,2,2,,No,6,Owner
February,Apartment,1830.0,Dublin City South,Dublin 4,2,1,No,No,12,Estate Agent
February,Apartment,1830.0,Dublin City North,Dublin 11,3,1,No,No,12,Estate Agent
February,House,3940.0,Dublin City North,Dublin 15,4,4,Yes,Yes,12,Estate Agent
February,Apartment,1010.0,Dublin City South,Dublin 14,2,1,No,No,12,Estate Agent
March,Apartment,1150.0,Dublin City Sth.,Dublin 2,1,1,Yes,No,12,Owner
March,House,4880.0,Dublin City North,Dublin 5,3,1,Yes,Yes,6,Estate Agent
March,Apartment,1660.0,Dublin City Nth.,Dublin 17,1,2,No,No,12,Estate Agent
March,Apartment,2930.0,Dublin City South,Dublin 4,3,1,No,No,120,Owner
March,Apartment,1860.0,Dublin City North,Dublin 1,2,2,No,No,12,Estate Agent
March,Apartment,2250.0,Dublin City Sth.,Dublin 2,2,1,No,No,12,Estate Agent
March,Apartment,1710.0,Dublin City South,Dublin 24,2,2,No,No,12,Estate Agent
March,Apartment,710.0,Dublin City North,Dublin 17,1,2,No,No,12,Estate Agent
March,Apartment,1040.0,Dublin City Sth.,Dublin 14,1,1,No,No,60,Estate Agent
March,Apartment,3100.0,Dublin City North,Dublin 1,2,1,No,No,12,Estate Agent
March,House,2810.0,Dublin City Sth.,Dublin 8,3,1,Yes,Yes,6,Owner
March,Apartment,2430.0,Dublin City South,Dublin 2,2,1,No,,12,Owner
March,Apartment,1410.0,Dublin City South,Dublin 2,2,1,No,,12,Owner
March,Apartment,1220.0,Dublin City North,Dublin 1,1,1,No,No,120,Owner
March,Apartment,1210.0,Dublin City Nth.,Dublin 1,2,1,No,No,12,Estate Agent
March,Apartment,2560.0,Dublin City North,Dublin 5,2,1,No,No,12,Owner
March,Apartment,1890.0,Dublin City South,Dublin 8,1,1,No,No,12,Estate Agent
March,Apartment,780.0,Dublin City South,Dublin 22,1,2,No,No,12,Estate Agent
March,House,2180.0,Dublin City Nth.,Dublin 15,3,2,Yes,Yes,12,Estate Agent
March,Apartment,1080.0,Dublin City South,Dublin 6W,1,1,No,No,12,Estate Agent
March,Apartment,2090.0,Dublin City South,Dublin 8,3,2,No,No,12,Estate Agent
March,Apartment,2550.0,Dublin City North,Dublin 5,2,2,No,,6,Estate Agent
March,Apartment,2920.0,Dublin City Nth.,Dublin 3,2,1,No,No,12,Owner
March,Apartment,2270.0,Dublin City South,Dublin 6W,2,2,No,No,12,Estate Agent
March,Apartment,1840.0,Dublin City North,Dublin 3,1,2,Yes,No,12,Estate Agent
March,Apartment,1930.0,Dublin City Nth.,Dublin 3,1,1,No,No,120,Estate Agent
March,Apartment,2080.0,Dublin City Sth.,Dublin 2,2,2,Yes,No,12,Estate Agent
March,Apartment,1930.0,Dublin City North,Dublin 1,3,1,No,,12,Owner
March,Apartment,1040.0,Dublin City North,Dublin 1,1,1,No,No,6,Estate Agent
March,House,4710.0,Dublin City Nth.,Dublin 9,4,2,Yes,,120,Estate Agent
March,Apartment,1220.0,Dublin City North,Dublin 9,1,1,Yes,,12,Estate Agent
March,House,4510.0,Dublin City Nth.,Dublin 1,4,1,Yes,Yes,6,Estate Agent
March,Apartment,1420.0,Dublin City North,Dublin 1,1,1,No,No,12,Estate Agent
March,Apartment,1710.0,Dublin City Nth.,Dublin 9,3,1,No,No,12,Estate Agent
March,Apartment,3000.0,Dublin City North,Dublin 1,2,2,No,No,12,Estate Agent
March,Apartment,1340.0,Dublin City North,Dublin 1,1,2,No,No,12,Estate Agent
March,Apartment,2270.0,Dublin City North,Dublin 17,3,1,Yes,No,12,Owner
March,Apartment,1910.0,Dublin City North,Dublin 1,1,1,No,No,12,Estate Agent
March,Apartment,980.0,Dublin City North,Dublin 1,1,1,Yes,No,120,Estate  Agent
March,Apartment,1260.0,Dublin City North,Dublin 15,1,2,No,No,12,Owner
March,Apartment,1580.0,Dublin City South,Dublin 2,1,1,No,No,12,Estate Agent
March,Apartment,1040.0,Dublin City Nth.,Dublin 1,2,1,Yes,No,12,Estate Agent
March,Apartment,1710.0,Dublin City Sth.,Dublin 14,2,1,No,No,12,Estate Agent
March,Apartment,1780.0,Dublin City South,Dublin 18,1,1,No,No,6,Estate  Agent
March,Apartment,1300.0,Dublin City South,Dublin 12,1,2,No,,12,Owner
March,Apartment,3350.0,Dublin City South,Dublin 2,2,1,No,No,,Estate Agent
March,Apartment,1170.0,Dublin City North,Dublin 15,1,1,No,No,6,Estate Agent
March,House,5400.0,Dublin City Nth.,Dublin 7,4,1,Yes,Yes,3,Owner
March,Apartment,1530.0,Dublin City North,Dublin 17,1,2,No,No,12,Estate Agent
March,Apartment,1030.0,Dublin City North,Dublin 15,1,1,No,No,120,Estate Agent
March,Apartment,2590.0,Dublin City South,Dublin 8,2,1,No,No,120,Estate Agent
March,Apartment,1770.0,Dublin City South,Dublin 20,1,1,Yes,No,6,Owner
March,House,3160.0,North Co Dublin,,4,1,No,Yes,6,Owner
March,Apartment,2370.0,Dublin City Sth.,Dublin 2,2,1,Yes,No,12,Estate Agent
March,Apartment,990.0,Dublin City North,Dublin 3,1,1,No,No,6,Estate Agent
March,House,3980.0,Dublin City North,Dublin 7,2,2,Yes,Yes,3,Estate Agent
March,House,2620.0,Dublin City South,Dublin 22,4,4,Yes,Yes,120,Estate Agent
March,Apartment,1510.0,Dublin City South,Dublin 8,2,2,Yes,No,120,Owner
March,House,5850.0,Dublin City South,Dublin 2,3,1,Yes,Yes,12,Estate Agent
March,House,4790.0,Dublin City South,Dublin 2,3,1,No,Yes,12,Owner
March,Apartment,3020.0,Dublin City South,Dublin 12,2,2,No,,3,Estate Agent
March,Apartment,1560.0,Dublin City South,Dublin 6W,1,2,Yes,,12,Estate Agent
March,Apartment,1520.0,Dublin City South,Dublin 14,2,2,No,No,3,Owner
March,House,2430.0,Dublin City South,Dublin 14,3,2,Yes,Yes,60,Estate Agent
March,Apartment,2620.0,Dublin City North,Dublin 1,2,1,Yes,No,12,Owner
March,House,2930.0,Dublin City North,Dublin 7,4,2,Yes,Yes,,Estate  Agent
March,Apartment,1160.0,Dublin City South,Dublin 6W,2,2,,No,12,Estate Agent
March,Apartment,1830.0,Dublin City South,Dublin 4,1,2,No,No,12,Estate Agent
March,House,4920.0,Dublin City South,Dublin 24,4,4,No,Yes,120,Estate Agent
March,Apartment,1780.0,Nth. Co D,,1,1,No,No,6,Estate Agent
March,Apartment,2100.0,Dublin City South,Dublin 2,1,2,No,No,12,Estate Agent
March,House,4580.0,North Co Dublin,,3,1,Yes,Yes,6,Owner
March,Apartment,1440.0,Dublin City North,Dublin 1,1,1,No,No,60,Estate Agent
March,Apartment,1970.0,Dublin City South,Dublin 6W,1,2,No,No,12,Estate Agent
March,Apartment,1630.0,Dublin City North,Dublin 3,1,2,No,No,12,Owner
March,Apartment,920.0,Dublin City Sth.,Dublin 16,1,1,No,No,12,Estate Agent
March,Apartment,1820.0,Dublin City Nth.,Dublin 1,1,1,Yes,No,12,Owner
March,Apartment,2220.0,Dublin City Sth.,Dublin 2,1,1,No,No,12,Estate Agent
March,Apartment,2630.0,Dublin City North,Dublin 1,2,1,Yes,No,6,Owner
March,House,2570.0,Dublin City South,Dublin 2,2,1,Yes,No,12,Estate Agent
March,House,4990.0,Dublin City South,Dublin 6,2,1,Yes,Yes,120,Estate Agent
March,Apartment,2350.0,Dublin City North,Dublin 1,2,2,,No,6,Estate Agent
March,House,3340.0,Dublin City North,Dublin 13,3,2,Yes,Yes,12,Estate Agent
March,Apartment,2200.0,Dublin City South,Dublin 2,1,2,No,No,12,Estate Agent
March,Apartment,3540.0,Dublin City Sth.,Dublin 2,2,1,No,No,3,Owner
March,Apartment,2350.0,Dublin City South,Dublin 24,2,2,No,No,12,Estate Agent
March,Apartment,1090.0,Dublin City North,Dublin 1,1,2,No,No,120,Estate Agent
March,Apartment,1610.0,Dublin City South,Dublin 10,2,1,No,No,12,Estate Agent
March,House,5640.0,Dublin City South,Dublin 2,4,1,Yes,Yes,3,Estate Agent
March,Apartment,1620.0,Dublin City South,Dublin 12,1,2,No,No,12,Estate Agent
March,Apartment,1690.0,Dublin City North,Dublin 3,2,2,No,No,12,Owner
March,House,4550.0,Dublin City North,Dublin 15,4,3,Yes,Yes,3,Estate Agent
March,Apartment,1870.0,Dublin City North,Dublin 17,2,1,Yes,No,12,Owner
March,Apartment,2000.0,Dublin City South,Dublin 14,1,2,Yes,No,12,Estate Agent
March,Apartment,890.0,Dublin City North,Dublin 1,1,1,No,No,12,Estate Agent
March,Apartment,980.0,Dublin City North,Dublin 1,1,1,No,No,12,Estate Agent
March,Apartment,2100.0,Dublin City South,Dublin 2,1,1,No,No,12,Estate Agent
March,Apartment,1750.0,Dublin City South,Dublin 2,1,1,No,No,12,Estate Agent
March,Apartment,1160.0,Dublin City South,Dublin 2,2,2,No,No,6,Owner
March,House,2870.0,South Co Dublin,,3,1,,Yes,12,Owner
March,Apartment,2360.0,Dublin City South,Dublin 6,2,2,Yes,No,120,Estate Agent
March,Apartment,1300.0,Dublin City North,Dublin 11,1,1,No,No,12,Estate Agent
March,Apartment,2100.0,Dublin City North,Dublin 1,2,2,No,No,12,Owner
March,House,3160.0,Dublin City South,Dublin 22,3,2,Yes,Yes,12,Owner
March,Apartment,2200.0,Dublin City North,Dublin 1,2,2,No,No,12,Estate Agent
March,House,3410.0,South Co Dublin,,3,2,Yes,Yes,12,Estate Agent
March,Apartment,1900.0,South Co Dublin,,1,1,No,No,12,Estate Agent
March,Apartment,2450.0,Dublin City South,Dublin 2,2,1,,No,12,Estate Agent
March,Apartment,1960.0,Dublin City South,Dublin 14,3,1,Yes,No,12,Owner
March,Apartment,1850.0,Dublin City South,Dublin 2,1,1,No,No,12,Owner
March,Apartment,1870.0,Dublin City Sth.,Dublin 2,1,1,Yes,,12,Estate Agent
March,Apartment,2620.0,Dublin City South,Dublin 2,2,1,,,12,Owner
March,House,3780.0,Dublin City South,Dublin 18,3,1,Yes,Yes,3,Estate Agent
March,House,3140.0,Dublin City North,Dublin 9,3,2,Yes,Yes,12,Owner
March,Apartment,1660.0,Dublin City South,Dublin 24,3,2,No,No,12,Estate  Agent
March,Apartment,990.0,Dublin City North,Dublin 13,2,1,Yes,No,12,Estate Agent
March,Apartment,2110.0,Dublin City Nth.,Dublin 7,2,1,No,No,60,Estate Agent
March,Apartment,1200.0,Dublin City South,Dublin 22,1,1,No,No,12,Estate Agent
March,Apartment,2060.0,Dublin City South,Dublin 2,2,1,No,No,12,Estate Agent
March,House,4060.0,Dublin City Sth.,Dublin 24,3,1,Yes,Yes,12,Estate Agent
March,Apartment,1410.0,Dublin City South,Dublin 6W,1,1,No,No,12,Estate Agent
March,Apartment,1000.0,Dublin City North,Dublin 7,1,1,,No,12,Estate Agent
March,House,4260.0,North Co Dublin,,4,4,Yes,Yes,12,Estate Agent
March,Apartment,1350.0,Dublin City Sth.,Dublin 16,3,2,No,No,12,Estate Agent
March,Apartment,1560.0,Dublin City North,Dublin 1,2,1,No,No,12,Estate Agent
March,House,2280.0,Dublin City Sth.,Dublin 24,3,2,Yes,Yes,120,Estate Agent
March,House,5160.0,Dublin City North,Dublin 11,5,1,Yes,,120,Estate Agent
March,Apartment,1410.0,Dublin City Sth.,Dublin 2,1,2,No,No,120,Estate Agent
March,Apartment,1610.0,Dublin City South,Dublin 2,2,2,No,No,12,Estate Agent
March,Apartment,2160.0,South Co Dublin,,2,1,Yes,No,12,Estate Agent
March,House,2930.0,Dublin City North,Dublin 1,3,1,No,,12,Owner
March,Apartment,1500.0,Dublin City Sth.,Dublin 24,1,2,No,No,12,Estate Agent
March,Apartment,1900.0,Dublin City South,Dublin 2,2,2,Yes,No,12,Estate Agent
March,Apartment,1600.0,Dublin City South,Dublin 2,2,2,No,No,12,Estate Agent
March,Apartment,1230.0,Dublin City North,Dublin 17,1,1,No,No,30,Estate Agent
March,Apartment,1140.0,Dublin City North,Dublin 7,2,2,No,No,12,Estate Agent
March,Apartment,1100.0,Dublin City North,Dublin 1,1,1,No,No,60,Estate  Agent
March,Apartment,2020.0,Dublin City Nth.,Dublin 5,1,2,No,No,12,Estate Agent
March,Apartment,2070.0,Dublin City South,Dublin 16,2,2,No,No,12,Estate Agent
March,House,2160.0,Dublin City Sth.,Dublin 16,2,2,Yes,Yes,12,Estate Agent
March,House,6830.0,Dublin City South,Dublin 2,3,2,Yes,Yes,3,Estate Agent
March,House,3960.0,Dublin City South,Dublin 8,3,2,No,Yes,3,Estate  Agent
March,House,5060.0,Dublin City South,Dublin 8,4,1,No,Yes,12,Owner
March,Apartment,2000.0,Dublin City Nth.,Dublin 1,1,2,No,,12,Estate Agent
March,Apartment,1580.0,Dublin City Nth.,Dublin 1,1,2,No,No,6,Estate Agent
March,Apartment,1400.0,South Co Dublin,,1,1,No,No,12,Estate Agent
March,Apartment,1310.0,Dublin City Nth.,Dublin 17,1,1,No,No,12,Owner
March,Apartment,1060.0,Dublin City North,Dublin 1,2,2,No,No,12,Estate Agent
March,Apartment,2070.0,Dublin City North,Dublin 1,2,1,Yes,No,12,Owner
March,Apartment,2140.0,Dublin City South,Dublin 2,1,2,,No,12,Estate Agent
March,Apartment,2390.0,Dublin City South,Dublin 2,1,1,No,No,12,Estate Agent
March,Apartment,2740.0,Dublin City Sth.,Dublin 6W,2,2,No,No,6,Owner
March,House,4310.0,Dublin City South,Dublin 10,3,2,No,Yes,6,Estate Agent
March,Apartment,1250.0,Dublin City North,Dublin 1,2,1,No,,6,Owner
March,Apartment,1350.0,Dublin City North,Dublin 1,2,1,No,No,6,Estate Agent
March,Apartment,2130.0,Dublin City North,Dublin 3,3,2,Yes,No,120,Estate Agent
March,Apartment,1810.0,Dublin City South,Dublin 14,2,1,No,,12,Estate Agent
March,Apartment,1560.0,Dublin City South,Dublin 10,1,1,Yes,No,120,Owner
March,Apartment,1540.0,Dublin City Sth.,Dublin 4,1,1,No,No,12,Owner
March,House,3960.0,Dublin City North,Dublin 17,4,1,No,Yes,12,Estate Agent
March,Apartment,3310.0,Dublin City South,Dublin 2,3,2,No,No,12,Owner
March,Apartment,1690.0,Dublin City South,Dublin 24,2,2,Yes,,120,Owner
March,Apartment,3140.0,Dublin City South,Dublin 2,2,1,Yes,No,12,Estate Agent
March,Apartment,3590.0,Dublin City North,Dublin 15,3,1,Yes,No,12,Estate Agent
April,Apartment,1860.0,Dublin City Nth.,Dublin 13,2,2,No,No,6,Estate Agent
April,Apartment,1920.0,Dublin City South,Dublin 2,1,2,Yes,No,12,Estate Agent
April,Apartment,2130.0,Dublin City South,Dublin 2,2,1,No,No,12,Owner
April,Apartment,2380.0,Dublin City Nth.,Dublin 15,2,1,Yes,No,120,Owner
April,Apartment,1460.0,Dublin City South,Dublin 14,1,1,No,No,12,Estate Agent
April,Apartment,2330.0,Dublin City North,Dublin 5,2,2,No,No,12,Owner
April,House,5100.0,Dublin City Nth.,Dublin 1,3,2,Yes,Yes,120,Estate Agent
April,Apartment,1850.0,Dublin City South,Dublin 8,1,1,No,No,12,Owner
April,Apartment,4940.0,Dublin City Nth.,Dublin 1,3,1,Yes,No,12,Estate Agent
April,Apartment,3230.0,Dublin City South,Dublin 2,3,1,Yes,No,12,Estate Agent
April,House,5300.0,Dublin City South,Dublin 4,4,1,Yes,Yes,12,Owner
April,Apartment,1790.0,Dublin City North,Dublin 3,1,2,No,No,12,Estate Agent
April,House,5430.0,Dublin City Nth.,Dublin 13,1,2,No,Yes,3,Owner
April,House,4780.0,Dublin City Sth.,Dublin 10,3,1,Yes,,120,Estate Agent
April,House,2990.0,Dublin City South,Dublin 24,4,2,Yes,Yes,120,Estate Agent
April,Apartment,2220.0,Dublin City North,Dublin 1,1,1,No,No,12,Estate Agent
April,House,3040.0,North Co Dublin,,4,2,Yes,Yes,12,Owner
April,Apartment,2900.0,Dublin City Sth.,Dublin 2,2,1,,No,12,Estate Agent
April,House,4100.0,Dublin City North,Dublin 15,3,2,Yes,,30,Owner
April,Apartment,1530.0,Dublin City North,Dublin 11,1,1,No,No,12,Estate Agent
April,Apartment,1570.0,Dublin City North,Dublin 1,1,2,No,No,6,Estate Agent
April,Apartment,2070.0,Dublin City North,Dublin 1,1,1,No,No,6,Estate Agent
April,Apartment,1420.0,Dublin City North,Dublin 1,1,1,No,No,12,Estate Agent
April,Apartment,1760.0,Dublin City Sth.,Dublin 8,1,1,No,No,12,Estate Agent
April,Apartment,1600.0,Dublin City South,Dublin 6,1,2,No,No,120,Estate Agent
April,Apartment,1400.0,South Co Dublin,,1,1,Yes,No,12,Estate Agent
April,Apartment,2110.0,Dublin City North,Dublin 1,1,2,No,No,12,Estate Agent
April,Apartment,1220.0,Dublin City North,Dublin 7,1,1,No,,12,Estate Agent
April,Apartment,1260.0,Dublin City North,Dublin 1,2,1,No,No,12,Estate  Agent
April,Apartment,1810.0,Dublin City South,Dublin 14,2,1,No,No,3,Estate Agent
April,Apartment,2110.0,Dublin City South,Dublin 2,2,2,No,No,12,Estate Agent
April,House,4670.0,Dublin City Nth.,Dublin 1,3,2,Yes,Yes,12,Owner
April,Apartment,1820.0,Dublin City Nth.,Dublin 1,3,1,No,No,12,Estate Agent
April,Apartment,2650.0,Dublin City Nth.,Dublin 1,2,2,No,No,12,Estate Agent
April,House,4900.0,Dublin City North,Dublin 1,3,2,No,Yes,12,Estate Agent
April,House,3790.0,Dublin City North,Dublin 11,4,3,Yes,Yes,12,Estate Agent
April,House,6780.0,Dublin City South,Dublin 2,4,4,Yes,Yes,12,Owner
April,Apartment,1600.0,Dublin City South,Dublin 16,1,1,No,No,12,Estate Agent
April,Apartment,3790.0,Dublin City South,Dublin 20,3,2,No,No,12,Owner
April,Apartment,1790.0,Dublin City Sth.,Dublin 2,1,1,No,No,12,Owner
April,Apartment,1900.0,Dublin City North,Dublin 1,2,1,No,No,60,Estate Agent
April,House,6440.0,Dublin City South,Dublin 2,3,2,Yes,Yes,120,Estate Agent
April,Apartment,2170.0,Dublin City North,Dublin 5,2,1,No,No,12,Owner
April,House,2740.0,Dublin City South,Dublin 16,4,3,Yes,Yes,60,Owner
April,Apartment,990.0,Dublin City Sth.,Dublin 2,1,2,Yes,No,,Estate  Agent
April,Apartment,1680.0,Dublin City Sth.,Dublin 2,2,1,No,,12,Estate Agent
April,Apartment,4440.0,Dublin City South,Dublin 2,3,1,Yes,,12,Estate Agent
April,House,2360.0,Dublin City North,Dublin 5,5,1,,Yes,12,Estate Agent
April,Apartment,2130.0,Dublin City North,Dublin 1,1,2,No,No,6,Estate Agent
April,House,5840.0,Dublin City Sth.,Dublin 6,3,2,Yes,Yes,3,Estate Agent
April,Apartment,2420.0,Dublin City South,Dublin 2,1,1,No,No,30,Estate Agent
April,Apartment,2220.0,Dublin City South,Dublin 24,2,2,No,No,12,Owner
April,Apartment,2620.0,Dublin City North,Dublin 1,2,2,No,No,3,Estate Agent
April,Apartment,1650.0,Dublin City South,Dublin 6,1,1,No,No,12,Estate Agent
April,Apartment,2270.0,Dublin City Sth.,Dublin 2,1,2,No,,,Estate Agent
April,Apartment,3070.0,Dublin City Nth.,Dublin 1,2,1,,No,12,Estate Agent
April,Apartment,1800.0,Dublin City South,Dublin 18,2,1,No,No,6,Estate Agent
April,House,2650.0,Dublin City South,Dublin 20,3,2,No,Yes,3,Owner
April,Apartment,2210.0,Dublin City Sth.,Dublin 18,2,1,No,No,12,Estate Agent
April,Apartment,1130.0,Dublin City Sth.,Dublin 10,1,2,No,No,12,Estate Agent
April,Apartment,3060.0,Dublin City North,Dublin 1,3,2,No,No,6,Estate Agent
April,Apartment,1160.0,Dublin City South,Dublin 2,1,1,No,No,,Estate Agent
April,Apartment,2610.0,Dublin City South,Dublin 6,2,1,No,No,12,Owner
April,Apartment,1880.0,Dublin City South,Dublin 4,1,1,No,No,12,Estate Agent
April,House,4140.0,Dublin City North,Dublin 17,4,2,No,Yes,12,Estate Agent
April,Apartment,1460.0,Dublin City North,Dublin 1,2,2,No,No,6,Owner
April,Apartment,1280.0,Dublin City South,Dublin 4,1,2,No,,12,Estate Agent
April,Apartment,1590.0,Dublin City North,Dublin 9,2,1,No,No,120,Estate Agent
April,Apartment,2350.0,Dublin City South,Dublin 2,2,1,Yes,No,12,Owner
April,Apartment,1320.0,Dublin City North,Dublin 1,2,2,No,No,120,Estate Agent
April,Apartment,2030.0,Dublin City South,Dublin 2,1,2,No,No,12,Owner
April,Apartment,1180.0,Dublin City South,Dublin 4,1,1,No,No,12,Estate Agent
April,House,4060.0,Dublin City North,Dublin 17,5,4,No,Yes,12,Estate Agent
April,House,3570.0,Dublin City Nth.,Dublin 1,1,1,No,No,6,Estate Agent
April,Apartment,2620.0,Dublin City North,Dublin 1,2,2,No,No,12,Estate Agent
April,Apartment,1930.0,Dublin City Nth.,Dublin 5,1,1,No,No,12,Estate Agent
April,Apartment,1680.0,Dublin City North,Dublin 11,1,1,No,No,12,Estate Agent
April,Apartment,1370.0,Dublin City South,Dublin 12,1,1,No,No,12,Estate Agent
April,Apartment,1700.0,Dublin City South,Dublin 20,2,1,,No,3,Owner
April,Apartment,3130.0,Dublin City North,Dublin 1,3,2,Yes,,12,Estate Agent
April,Apartment,1620.0,Dublin City North,Dublin 1,2,1,No,No,12,Estate Agent
April,Apartment,1130.0,Dublin City Nth.,Dublin 1,1,1,No,No,12,Estate Agent
April,Apartment,1550.0,Dublin City North,Dublin 1,1,2,No,No,6,Estate Agent
April,Apartment,1500.0,Dublin City South,Dublin 10,2,2,No,No,3,Estate Agent
April,Apartment,1860.0,Dublin City South,Dublin 16,2,2,Yes,No,12,Estate Agent
April,House,3170.0,South Co Dublin,,3,2,Yes,Yes,6,Estate Agent
April,Apartment,2990.0,Dublin City Sth.,Dublin 2,2,1,No,No,12,Estate Agent
April,House,5930.0,Dublin City Sth.,Dublin 6W,5,2,Yes,Yes,30,Estate Agent
April,House,4400.0,Dublin City North,Dublin 17,3,2,Yes,Yes,12,Owner
April,Apartment,2750.0,Dublin City Sth.,Dublin 2,1,2,Yes,No,3,Estate Agent
April,House,4100.0,Dublin City North,Dublin 13,4,2,,Yes,6,Estate Agent
April,Apartment,1510.0,Dublin City North,Dublin 1,2,1,No,No,12,Owner
April,Apartment,2210.0,Dublin City South,Dublin 10,2,2,No,,12,Estate Agent
April,Apartment,5270.0,Dublin City Nth.,Dublin 1,3,1,Yes,No,3,Estate  Agent
April,Apartment,1680.0,Dublin City South,Dublin 22,2,1,No,No,12,Estate Agent
April,House,2780.0,Dublin City North,Dublin 5,3,2,No,Yes,6,Owner
April,Apartment,1590.0,Dublin City Sth.,Dublin 2,2,1,No,No,12,Estate Agent
April,Apartment,1490.0,Dublin City Sth.,Dublin 16,1,1,Yes,No,12,Estate Agent
April,Apartment,1400.0,Dublin City North,Dublin 15,1,1,No,No,12,Estate Agent
April,Apartment,2540.0,Dublin City North,Dublin 1,1,2,No,No,3,Estate Agent
April,Apartment,3040.0,Dublin City South,Dublin 2,2,2,Yes,No,12,Estate Agent
April,Apartment,1220.0,Dublin City North,Dublin 13,2,2,Yes,No,6,Estate Agent
April,Apartment,1060.0,Dublin City South,Dublin 2,1,1,No,,12,Owner
April,House,3690.0,Dublin City South,Dublin 10,4,1,No,Yes,12,Estate  Agent
April,Apartment,970.0,Dublin City North,Dublin 1,1,2,No,No,6,Estate Agent
April,Apartment,1480.0,Dublin City North,Dublin 1,2,1,Yes,No,12,Estate Agent
April,Apartment,1070.0,Dublin City Sth.,Dublin 2,1,1,Yes,No,12,Estate Agent
April,Apartment,2460.0,Dublin City North,Dublin 11,2,1,No,No,6,Estate Agent
April,Apartment,1040.0,Dublin City South,Dublin 8,2,2,No,,12,Estate Agent
April,Apartment,1190.0,Dublin City South,Dublin 16,1,1,No,No,3,Owner
April,House,3820.0,Dublin City Sth.,Dublin 8,3,1,No,Yes,3,Owner
April,Apartment,1710.0,Dublin City North,Dublin 1,1,2,No,,6,Estate Agent
April,Apartment,2360.0,North Co Dublin,,3,1,No,No,12,Estate Agent
April,House,5430.0,Dublin City South,Dublin 6W,5,1,Yes,Yes,12,Owner
April,Apartment,1440.0,Dublin City South,Dublin 2,1,2,No,No,12,Estate Agent
April,Apartment,1000.0,Dublin City Sth.,Dublin 2,1,1,No,No,12,Estate Agent
April,House,5480.0,Dublin City South,Dublin 6,3,2,Yes,Yes,12,Estate Agent
April,House,3650.0,Dublin City Sth.,Dublin 14,3,2,No,Yes,12,Owner
April,Apartment,900.0,Dublin City Sth.,Dublin 22,1,1,No,No,12,Estate Agent
April,Apartment,1440.0,Dublin City Nth.,Dublin 1,1,1,No,,12,Estate Agent
April,House,4410.0,Dublin City South,Dublin 18,4,2,Yes,Yes,12,Estate Agent
April,House,3260.0,Dublin City South,Dublin 14,1,2,Yes,Yes,3,Estate Agent
April,Apartment,3400.0,Dublin City South,Dublin 2,2,2,No,No,12,Estate Agent
April,Apartment,2330.0,Dublin City North,Dublin 17,2,1,No,No,12,Estate Agent
April,Apartment,3720.0,Dublin City Sth.,Dublin 22,3,2,Yes,,12,Estate Agent
April,House,5040.0,Dublin City North,Dublin 1,3,2,,,3,Owner
April,Apartment,950.0,Dublin City North,Dublin 13,1,2,,No,12,Estate Agent
April,House,2980.0,Dublin City South,Dublin 20,4,1,Yes,Yes,6,Estate Agent
April,Apartment,1970.0,Dublin City South,Dublin 2,1,1,No,No,12,Estate Agent
April,Apartment,1120.0,Dublin City Sth.,Dublin 6,2,1,Yes,No,120,Estate Agent
April,Apartment,2150.0,Dublin City North,Dublin 7,2,2,No,No,12,Estate Agent
April,Apartment,920.0,Dublin City Nth.,Dublin 1,1,1,No,No,12,Estate Agent
April,Apartment,2120.0,Dublin City Sth.,Dublin 2,1,2,No,No,60,Estate Agent
April,Apartment,3950.0,Dublin City North,Dublin 1,3,1,Yes,No,12,Estate Agent
April,House,2820.0,Dublin City South,Dublin 8,3,2,Yes,Yes,12,Estate Agent
April,Apartment,1860.0,Dublin City Nth.,Dublin 15,2,2,No,No,12,Owner
April,Apartment,2080.0,Dublin City Sth.,Dublin 2,1,2,Yes,No,12,Owner
April,Apartment,3200.0,Dublin City South,Dublin 6W,2,1,No,No,3,Estate Agent
April,Apartment,3320.0,Dublin City South,Dublin 2,2,1,Yes,,12,Estate Agent
April,House,3990.0,Dublin City South,Dublin 4,4,2,Yes,Yes,3,Owner
April,Apartment,1790.0,Dublin City Nth.,Dublin 7,2,1,,No,12,Owner
April,Apartment,1210.0,Dublin City North,Dublin 7,1,2,No,No,12,Estate Agent
April,Apartment,1050.0,Dublin City South,Dublin 12,1,1,,No,120,Estate Agent
April,Apartment,1640.0,Dublin City South,Dublin 8,1,2,No,No,12,Estate Agent
April,House,4760.0,Dublin City Sth.,Dublin 18,2,2,No,Yes,3,Owner
April,Apartment,1590.0,Dublin City Sth.,Dublin 2,1,1,No,No,12,Estate Agent
April,Apartment,1400.0,Dublin City Sth.,Dublin 22,1,1,No,No,12,Estate Agent
April,Apartment,2480.0,Dublin City South,Dublin 4,1,1,No,,120,Estate Agent
April,Apartment,1390.0,Dublin City North,Dublin 7,1,1,No,No,120,Estate Agent
April,House,3460.0,Dublin City North,Dublin 15,4,4,Yes,Yes,12,Owner
April,Apartment,1440.0,Dublin City North,Dublin 5,2,1,Yes,No,12,Estate Agent
April,Apartment,1500.0,Dublin City South,Dublin 2,1,2,Yes,No,6,Estate Agent
April,Apartment,1800.0,Dublin City North,Dublin 1,2,1,Yes,No,12,Estate Agent
April,Apartment,2620.0,Dublin City Nth.,Dublin 1,2,1,No,No,12,Estate Agent
April,Apartment,1110.0,Dublin City Sth.,Dublin 6W,1,1,No,,12,Estate Agent
April,Apartment,1580.0,Dublin City North,Dublin 1,1,1,Yes,,120,Estate Agent
April,Apartment,870.0,Dublin City South,Dublin 18,1,2,No,No,6,Estate Agent
April,House,2870.0,Dublin City North,Dublin 15,4,4,Yes,Yes,12,Estate Agent
April,House,4790.0,Dublin City North,Dublin 9,3,1,No,Yes,12,Estate Agent
April,Apartment,2610.0,Dublin City Nth.,Dublin 1,1,1,No,No,3,Estate Agent
April,Apartment,1560.0,Dublin City Sth.,Dublin 14,1,1,No,No,6,Owner
April,Apartment,2030.0,Dublin City Sth.,Dublin 2,1,2,No,No,12,Estate Agent
April,Apartment,1240.0,Dublin City North,Dublin 9,1,1,No,No,12,Owner
April,Apartment,1940.0,Dublin City Nth.,Dublin 1,2,1,,No,12,Estate Agent
April,Apartment,2400.0,Dublin City North,Dublin 1,2,2,No,No,3,Estate Agent
April,Apartment,3310.0,Dublin City South,Dublin 4,2,1,No,No,12,Estate Agent
April,Apartment,1580.0,Dublin City South,Dublin 2,1,1,No,No,6,Owner
April,House,3830.0,Dublin City Sth.,Dublin 4,3,2,Yes,Yes,12,Estate Agent
April,Apartment,2480.0,Dublin City North,Dublin 15,2,1,No,No,12,Owner
April,House,2820.0,Dublin City North,Dublin 1,4,1,,,12,Estate Agent
April,Apartment,1340.0,Dublin City South,Dublin 24,1,2,,No,12,Estate Agent
April,Apartment,1570.0,Dublin City North,Dublin 1,3,1,,No,12,Estate Agent
April,Apartment,1330.0,Dublin City North,Dublin 1,2,2,No,,12,Estate Agent
April,Apartment,2370.0,Dublin City North,Dublin 13,2,2,No,No,12,Estate  Agent
April,House,2250.0,Dublin City Sth.,Dublin 20,3,2,Yes,Yes,6,Estate Agent
April,Apartment,1000.0,North Co Dublin,,1,2,Yes,No,12,Owner
April,Apartment,1950.0,Dublin City South,Dublin 8,3,1,No,No,12,Estate Agent
April,Apartment,1730.0,Dublin City South,Dublin 14,1,1,No,No,12,Estate Agent
April,House,4420.0,Dublin City South,Dublin 20,3,1,No,Yes,12,Estate Agent
May,Apartment,1630.0,Dublin City Sth.,Dublin 2,2,2,No,No,6,Estate Agent
May,Apartment,1840.0,Dublin City Nth.,Dublin 3,1,1,No,No,12,Estate Agent
May,Apartment,2160.0,Dublin City South,Dublin 2,2,1,No,No,12,Estate Agent
May,Apartment,1070.0,Dublin City South,Dublin 14,1,2,No,No,12,Owner
May,Apartment,2230.0,Dublin City South,Dublin 22,2,1,Yes,No,12,Estate Agent
May,House,3240.0,Dublin City South,Dublin 12,4,2,Yes,Yes,12,Estate Agent
May,Apartment,1820.0,Dublin City North,Dublin 11,1,1,No,No,120,Estate Agent
May,House,4700.0,Dublin City South,Dublin 10,3,2,No,Yes,3,Estate Agent
May,Apartment,6830.0,Dublin City Nth.,Dublin 1,3,2,No,No,3,Estate Agent
May,Apartment,2110.0,Dublin City North,Dublin 17,3,1,Yes,No,120,Estate Agent
May,Apartment,1440.0,Dublin City South,Dublin 2,1,1,No,No,12,Owner
May,House,3580.0,Dublin City North,Dublin 3,3,2,No,Yes,12,Estate Agent
May,Apartment,3340.0,Dublin City North,Dublin 13,3,1,No,No,12,Owner
May,Apartment,1800.0,Dublin City South,Dublin 24,2,1,No,No,6,Owner
May,Apartment,2070.0,Dublin City North,Dublin 1,1,2,,No,12,Estate Agent
May,Apartment,1320.0,Dublin City Sth.,Dublin 2,2,2,Yes,No,12,Estate Agent
May,Apartment,1990.0,Dublin City Nth.,Dublin 1,1,2,No,No,6,Estate Agent
May,House,4490.0,Dublin City South,Dublin 2,5,2,Yes,Yes,3,Owner
May,Apartment,1000.0,Dublin City Sth.,Dublin 16,1,2,No,No,3,Estate Agent
May,Apartment,1860.0,Dublin City South,Dublin 2,1,2,No,No,12,Owner
May,Apartment,2080.0,Dublin City Nth.,Dublin 1,1,1,No,No,3,Estate Agent
May,House,2870.0,Dublin City South,Dublin 8,3,2,Yes,Yes,12,Estate Agent
May,Apartment,2220.0,Dublin City South,Dublin 22,2,1,No,No,12,Estate Agent
May,House,3040.0,Dublin City Sth.,Dublin 18,3,2,Yes,Yes,12,Estate Agent
May,House,5330.0,Dublin City North,Dublin 3,4,3,Yes,Yes,12,Owner
May,Apartment,2200.0,Dublin City North,Dublin 1,2,2,No,No,120,Estate Agent
May,Apartment,1600.0,Dublin City North,Dublin 1,2,1,No,No,6,Estate Agent
May,Apartment,1190.0,Dublin City South,Dublin 18,1,2,No,No,12,Owner
May,Apartment,1560.0,Dublin City North,Dublin 1,1,1,No,No,120,Estate Agent
May,Apartment,2360.0,Dublin City Sth.,Dublin 14,2,2,No,No,12,Owner
May,Apartment,1560.0,Dublin City Sth.,Dublin 2,1,1,Yes,No,12,Estate Agent
May,Apartment,1480.0,Dublin City North,Dublin 1,1,1,No,No,12,Estate Agent
May,Apartment,1820.0,South Co Dublin,,2,1,No,No,12,Owner
May,Apartment,1940.0,Dublin City North,Dublin 1,1,1,No,No,12,Estate Agent
May,House,3640.0,Dublin City South,Dublin 24,4,2,Yes,Yes,12,Estate Agent
May,Apartment,2450.0,Dublin City North,Dublin 1,2,1,Yes,No,12,Estate Agent
May,Apartment,2420.0,Dublin City Sth.,Dublin 2,1,1,,No,12,Owner
May,House,3040.0,Dublin City South,Dublin 6,5,2,Yes,Yes,6,Owner
May,Apartment,1260.0,Dublin City South,Dublin 2,1,1,No,No,12,Estate Agent
May,Apartment,1970.0,Dublin City South,Dublin 4,1,1,No,No,6,Estate Agent
May,Apartment,1010.0,Dublin City North,Dublin 1,1,1,Yes,No,6,Owner
May,House,6130.0,Dublin City South,Dublin 22,4,3,Yes,Yes,3,Owner
May,Apartment,1510.0,Dublin City Nth.,Dublin 1,2,2,No,No,12,Estate Agent
May,House,3080.0,Dublin City South,Dublin 12,3,1,No,Yes,3,Estate Agent
May,House,4080.0,South Co Dublin,,3,2,Yes,Yes,12,Estate  Agent
May,Apartment,1530.0,Dublin City Sth.,Dublin 22,1,1,Yes,,3,Estate Agent
May,Apartment,1570.0,Dublin City South,Dublin 6,2,2,No,No,12,Estate Agent
May,House,6120.0,Dublin City Sth.,Dublin 14,4,3,No,Yes,3,Owner
May,Apartment,1270.0,Dublin City South,Dublin 6,2,1,,No,12,Estate Agent
May,Apartment,2490.0,Dublin City South,Dublin 8,2,1,No,No,12,Owner
May,Apartment,2570.0,Dublin City North,Dublin 11,2,1,No,No,12,Owner
May,Apartment,2550.0,Dublin City North,Dublin 1,3,1,No,No,12,Estate Agent
May,Apartment,4040.0,Dublin City Sth.,Dublin 14,3,1,No,No,6,Owner
May,Apartment,4940.0,Dublin City North,Dublin 3,3,2,Yes,No,12,Estate Agent
May,Apartment,1230.0,Dublin City South,Dublin 12,1,1,No,No,12,Estate Agent
May,Apartment,1830.0,Dublin City North,Dublin 1,2,2,No,No,12,Owner
May,Apartment,2390.0,Dublin City Sth.,Dublin 20,2,2,No,No,3,Estate Agent
May,Apartment,1430.0,Dublin City Nth.,Dublin 5,3,2,No,No,12,Estate Agent
May,Apartment,1700.0,Dublin City Sth.,Dublin 14,1,1,No,No,6,Estate Agent
May,Apartment,3330.0,Dublin City Sth.,Dublin 2,2,2,No,No,12,Estate Agent
May,Apartment,1080.0,Dublin City North,Dublin 1,1,1,No,No,12,Estate Agent
May,House,4640.0,Dublin City Nth.,Dublin 1,3,2,Yes,Yes,12,Owner
May,Apartment,1110.0,Dublin City Sth.,Dublin 16,2,1,No,No,6,Estate Agent
May,Apartment,1090.0,Dublin City North,Dublin 15,2,1,Yes,No,12,Estate Agent
May,Apartment,2720.0,Dublin City Nth.,Dublin 15,2,1,No,No,3,Owner
May,Apartment,1140.0,South Co Dublin,,2,1,No,No,12,Estate Agent
May,Apartment,1560.0,Dublin City North,Dublin 7,2,1,No,No,12,Estate Agent
May,Apartment,1330.0,Dublin City North,Dublin 11,2,1,No,No,,Estate Agent
May,Apartment,1850.0,Dublin City South,Dublin 20,1,2,Yes,No,12,Owner
May,Apartment,1900.0,Dublin City Nth.,Dublin 1,2,1,No,No,12,Estate Agent
May,Apartment,1160.0,Dublin City South,Dublin 20,1,2,No,No,12,Owner
May,Apartment,1900.0,Dublin City South,Dublin 2,1,1,Yes,No,12,Owner
May,House,3020.0,Dublin City Nth.,Dublin 13,3,2,,Yes,6,Estate Agent
May,House,5180.0,Dublin City North,Dublin 1,4,2,Yes,Yes,6,Owner
May,Apartment,1690.0,Dublin City North,Dublin 9,2,2,No,No,12,Estate Agent
May,Apartment,1750.0,Dublin City North,Dublin 9,1,2,No,No,12,Estate Agent
May,House,3240.0,Dublin City North,Dublin 1,1,2,Yes,Yes,12,Estate Agent
May,Apartment,1360.0,Dublin City Nth.,Dublin 11,1,2,No,No,12,Owner
May,House,5140.0,South Co Dublin,,3,2,No,Yes,6,Estate Agent
May,Apartment,3780.0,Dublin City South,Dublin 2,2,2,No,No,30,Estate Agent
May,Apartment,2520.0,Dublin City Nth.,Dublin 1,2,2,No,No,12,Estate Agent
May,Apartment,2370.0,Dublin City North,Dublin 1,2,1,No,No,12,Estate Agent
May,Apartment,4380.0,Dublin City Nth.,Dublin 15,3,2,Yes,No,12,Estate Agent
May,Apartment,3020.0,Dublin City Nth.,Dublin 1,2,2,No,No,60,Owner
May,Apartment,1990.0,Dublin City South,Dublin 2,1,1,No,No,12,Estate Agent
May,Apartment,2750.0,Dublin City North,Dublin 1,3,2,Yes,No,6,Owner
May,Apartment,1290.0,Dublin City North,Dublin 1,1,1,No,No,6,Estate Agent
May,Apartment,1600.0,Dublin City South,Dublin 2,1,1,No,No,12,Estate Agent
May,Apartment,2110.0,Dublin City South,Dublin 2,2,1,No,No,12,Estate Agent
May,Apartment,1180.0,Dublin City Nth.,Dublin 1,1,1,No,No,12,Estate Agent
May,Apartment,1100.0,Dublin City South,Dublin 16,1,1,No,No,12,Estate Agent
May,Apartment,1100.0,Dublin City Nth.,Dublin 15,1,1,No,No,12,Owner
May,Apartment,1040.0,Dublin City South,Dublin 2,1,2,No,,12,Owner
May,Apartment,2860.0,Dublin City North,Dublin 1,2,2,No,No,12,Estate Agent
May,Apartment,1380.0,Dublin City North,Dublin 15,1,1,Yes,No,12,Estate Agent
May,Apartment,1090.0,Dublin City South,Dublin 14,1,2,No,No,6,Estate Agent
May,Apartment,1620.0,Dublin City South,Dublin 6W,1,1,No,No,12,Owner
May,Apartment,1250.0,Dublin City South,Dublin 10,1,1,No,No,12,Owner
May,Apartment,1810.0,Dublin City Sth.,Dublin 10,1,2,No,No,12,Estate Agent
May,House,5100.0,Dublin City South,Dublin 16,5,2,No,Yes,12,Owner
May,Apartment,970.0,Dublin City North,Dublin 1,1,1,No,No,12,Estate Agent
May,Apartment,1440.0,Dublin City Nth.,Dublin 5,1,1,No,No,6,Owner
May,House,4010.0,Dublin City South,Dublin 6W,3,2,Yes,Yes,12,Owner
May,Apartment,1400.0,South Co Dublin,,1,2,No,No,12,Estate Agent
May,House,4490.0,Dublin City South,Dublin 18,5,2,Yes,Yes,6,Estate Agent
May,Apartment,1170.0,Dublin City South,Dublin 2,1,1,Yes,No,12,Owner
May,Apartment,1120.0,Dublin City Sth.,Dublin 20,2,1,No,No,3,Owner
May,Apartment,940.0,North Co Dublin,,1,1,No,No,60,Owner
May,House,4060.0,Dublin City North,Dublin 17,3,2,Yes,Yes,12,Owner
May,House,3840.0,Dublin City North,Dublin 9,4,2,Yes,Yes,12,Owner
May,House,3450.0,Dublin City North,Dublin 13,1,2,Yes,Yes,,Estate Agent
May,Apartment,4600.0,Dublin City Nth.,Dublin 1,3,1,Yes,,6,Estate Agent
May,House,4790.0,Dublin City South,Dublin 20,4,2,Yes,Yes,12,Estate Agent
May,Apartment,1500.0,Dublin City North,Dublin 9,2,1,Yes,No,120,Estate Agent
May,Apartment,1300.0,Dublin City South,Dublin 2,1,1,No,,12,Estate Agent
May,House,4440.0,Dublin City North,Dublin 11,4,1,No,Yes,12,Estate Agent
May,House,4290.0,Dublin City South,Dublin 6W,3,2,Yes,Yes,60,Estate Agent
May,Apartment,2150.0,Dublin City North,Dublin 1,2,2,No,No,6,Owner
May,House,3960.0,Dublin City South,Dublin 14,4,4,No,Yes,6,Estate Agent
May,Apartment,1930.0,Dublin City North,Dublin 9,1,2,No,No,12,Owner
May,Apartment,2460.0,Dublin City South,Dublin 24,2,1,No,No,12,Estate Agent
May,Apartment,4870.0,Dublin City North,Dublin 5,3,2,No,No,6,Estate Agent
May,Apartment,1090.0,Dublin City North,Dublin 1,1,1,Yes,No,12,Estate Agent
May,House,4140.0,Dublin City Sth.,Dublin 18,3,1,Yes,Yes,6,Owner
May,Apartment,1520.0,Dublin City North,Dublin 9,2,2,No,No,12,Estate Agent
May,House,3160.0,Dublin City South,Dublin 2,3,1,,,12,Owner
May,Apartment,3150.0,Dublin City South,Dublin 20,3,2,No,No,120,Estate Agent
May,Apartment,910.0,Dublin City North,Dublin 3,1,2,No,No,120,Estate Agent
May,Apartment,1050.0,Dublin City South,Dublin 2,1,2,,No,12,Estate Agent
May,House,4330.0,Dublin City South,Dublin 16,3,1,Yes,Yes,12,Owner
May,Apartment,1960.0,Dublin City North,Dublin 5,2,2,Yes,No,12,Estate Agent
May,Apartment,1970.0,Dublin City South,Dublin 6,1,2,No,,12,Owner
May,Apartment,1440.0,Dublin City Sth.,Dublin 22,2,1,No,No,3,Owner
May,Apartment,1830.0,Dublin City Sth.,Dublin 14,1,2,No,No,12,Estate Agent
May,Apartment,1200.0,Dublin City Sth.,Dublin 16,1,1,No,No,3,Estate Agent
May,Apartment,2300.0,Dublin City South,Dublin 2,1,1,No,No,12,Estate Agent
May,Apartment,1110.0,Dublin City North,Dublin 3,1,2,No,No,6,Estate Agent
May,Apartment,3790.0,Dublin City North,Dublin 1,3,1,No,No,,Estate  Agent
May,Apartment,1730.0,Dublin City North,Dublin 1,2,1,No,No,12,Estate Agent
May,House,3940.0,Dublin City South,Dublin 10,4,2,Yes,Yes,12,Estate Agent
May,Apartment,1910.0,Dublin City North,Dublin 1,2,1,,No,3,Owner
May,Apartment,2300.0,Dublin City North,Dublin 1,2,2,No,No,12,Estate Agent
May,Apartment,1160.0,Dublin City North,Dublin 15,2,2,Yes,No,12,Owner
May,House,2970.0,Dublin City Nth.,Dublin 13,2,2,Yes,Yes,6,Estate Agent
May,Apartment,2240.0,Dublin City South,Dublin 2,1,1,No,No,12,Estate Agent
May,Apartment,1730.0,Dublin City Sth.,Dublin 6W,1,2,No,No,6,Estate Agent
May,Apartment,1430.0,Dublin City South,Dublin 24,1,2,No,No,12,Estate Agent
May,Apartment,1470.0,Dublin City North,Dublin 1,1,1,No,No,3,Owner
May,Apartment,1950.0,Dublin City Nth.,Dublin 1,1,2,Yes,No,6,Estate Agent
May,Apartment,2080.0,Dublin City North,Dublin 1,2,1,No,No,12,Estate Agent
May,Apartment,2300.0,Dublin City Sth.,Dublin 22,2,2,Yes,No,6,Owner
May,Apartment,2060.0,Dublin City South,Dublin 16,2,1,No,No,12,Estate Agent
May,Apartment,1190.0,Dublin City North,Dublin 1,2,2,No,No,12,Estate Agent
May,Apartment,2180.0,Dublin City South,Dublin 2,2,2,No,No,6,Estate Agent
May,House,3460.0,Dublin City Nth.,Dublin 7,4,1,Yes,Yes,12,Estate Agent
May,House,4420.0,Dublin City North,Dublin 1,4,2,Yes,Yes,12,Owner
May,House,5500.0,Dublin City Sth.,Dublin 6,4,4,Yes,Yes,6,Estate Agent
May,House,3580.0,Dublin City North,Dublin 9,2,2,Yes,Yes,3,Estate Agent
May,Apartment,2480.0,Dublin City North,Dublin 1,3,2,No,,12,Owner
May,Apartment,1600.0,Dublin City Nth.,Dublin 1,1,1,No,No,12,Estate Agent
May,House,5330.0,South Co Dublin,,4,3,No,Yes,6,Owner
May,Apartment,2360.0,Dublin City South,Dublin 2,1,2,No,No,12,Estate Agent
May,House,2040.0,Dublin City North,Dublin 5,3,2,Yes,No,12,Owner
May,Apartment,2070.0,Dublin City North,Dublin 1,2,2,No,No,6,Owner
May,Apartment,1820.0,South Co Dublin,,1,2,No,No,12,Estate Agent
May,Apartment,1860.0,Dublin City Nth.,Dublin 11,2,1,Yes,No,120,Estate Agent
May,Apartment,2340.0,Dublin City South,Dublin 22,2,1,No,No,12,Owner
May,Apartment,890.0,Dublin City North,Dublin 17,1,1,,No,120,Owner
May,Apartment,2300.0,Dublin City South,Dublin 2,3,2,No,,12,Estate Agent
May,Apartment,4000.0,Dublin City South,Dublin 2,3,2,No,No,12,Estate Agent
May,Apartment,1870.0,Dublin City South,Dublin 2,1,1,No,,12,Estate Agent
June,House,3650.0,Dublin City South,Dublin 6,4,4,,Yes,12,Owner
June,Apartment,3030.0,Dublin City North,Dublin 13,3,1,No,No,12,Estate Agent
June,Apartment,1040.0,North Co Dublin,,1,1,No,No,12,Estate Agent
June,House,5070.0,South Co Dublin,,3,2,Yes,Yes,6,Estate Agent
June,Apartment,1860.0,South Co Dublin,,2,1,No,No,12,Estate Agent
June,House,3290.0,Dublin City Sth.,Dublin 22,2,1,Yes,Yes,12,Estate Agent
June,Apartment,2660.0,Dublin City Nth.,Dublin 1,3,2,No,No,12,Owner
June,Apartment,2430.0,Dublin City North,Dublin 9,2,2,No,,30,Owner
June,Apartment,2510.0,Dublin City Nth.,Dublin 9,3,1,,No,12,Owner
June,House,3760.0,Dublin City South,Dublin 22,4,2,Yes,Yes,12,Owner
June,Apartment,1620.0,Dublin City Nth.,Dublin 1,1,1,,No,12,Estate Agent
June,Apartment,1570.0,Dublin City Sth.,Dublin 4,1,2,No,No,12,Estate Agent
June,Apartment,1410.0,Dublin City South,Dublin 2,2,2,No,No,12,Estate Agent
June,Apartment,2470.0,Dublin City North,Dublin 3,2,1,No,,12,Estate Agent
June,Apartment,910.0,Dublin City South,Dublin 22,1,1,No,No,12,Estate Agent
June,Apartment,3200.0,Dublin City South,Dublin 2,3,1,Yes,,12,Estate Agent
June,Apartment,2150.0,Dublin City South,Dublin 2,1,2,No,No,6,Estate Agent
June,Apartment,3060.0,Dublin City South,Dublin 6,3,1,No,No,12,Estate Agent
June,Apartment,1020.0,Dublin City South,Dublin 8,2,1,Yes,No,12,Estate Agent
June,Apartment,2980.0,Dublin City Sth.,Dublin 2,2,2,No,No,12,Estate Agent
June,Apartment,3450.0,Dublin City South,Dublin 2,2,1,No,No,6,Estate Agent
June,Apartment,1600.0,Dublin City Nth.,Dublin 1,1,1,No,No,12,Estate Agent
June,House,4700.0,Dublin City South,Dublin 6,4,2,Yes,Yes,12,Owner
June,Apartment,850.0,Dublin City North,Dublin 9,1,2,No,No,12,Estate Agent
June,Apartment,2770.0,Dublin City Sth.,Dublin 2,1,2,No,No,3,Owner
June,House,5300.0,Dublin City South,Dublin 2,3,2,,Yes,12,Estate  Agent
June,Apartment,1850.0,Dublin City South,Dublin 2,1,2,No,No,12,Estate Agent
June,Apartment,2510.0,Dublin City South,Dublin 14,2,2,No,No,12,Estate Agent
June,Apartment,3950.0,Dublin City North,Dublin 1,3,1,No,No,6,Estate  Agent
June,House,2400.0,Dublin City North,Dublin 7,3,1,Yes,,12,Owner
June,Apartment,1310.0,Dublin City North,Dublin 1,2,2,No,No,12,Owner
June,House,4460.0,Dublin City North,Dublin 3,3,2,Yes,No,120,Estate Agent
June,House,2830.0,Dublin City Sth.,Dublin 8,2,2,Yes,Yes,,Owner
June,Apartment,2200.0,Dublin City South,Dublin 2,1,1,No,,12,Estate Agent
June,Apartment,1090.0,Dublin City North,Dublin 1,2,1,No,No,12,Estate Agent
June,House,2720.0,Dublin City South,Dublin 18,4,1,Yes,Yes,120,Owner
June,Apartment,2680.0,Dublin City South,Dublin 2,2,2,No,No,12,Estate Agent
June,House,5660.0,Dublin City South,Dublin 2,3,2,Yes,Yes,12,Estate Agent
June,House,4410.0,North Co Dublin,,3,2,Yes,,12,Estate Agent
June,Apartment,2010.0,Dublin City South,Dublin 2,1,1,No,No,12,Owner
June,Apartment,1720.0,Dublin City South,Dublin 6,2,2,Yes,No,120,Estate Agent
June,House,2530.0,Dublin City South,Dublin 8,4,4,No,Yes,12,Estate Agent
June,Apartment,1680.0,Dublin City South,Dublin 22,1,1,No,No,6,Owner
June,House,4070.0,Dublin City North,Dublin 13,4,1,Yes,Yes,12,Estate Agent
June,House,3570.0,Dublin City North,Dublin 1,4,3,Yes,Yes,12,Estate  Agent
June,Apartment,2840.0,Dublin City Sth.,Dublin 22,3,1,No,No,3,Owner
June,House,7240.0,Dublin City South,Dublin 4,5,4,No,Yes,3,Estate Agent
June,Apartment,2060.0,Dublin City Nth.,Dublin 1,1,1,No,,12,Estate Agent
June,Apartment,3510.0,Dublin City South,Dublin 2,2,2,No,No,3,Owner
June,Apartment,770.0,Dublin City South,Dublin 22,1,1,No,No,12,Owner
June,House,3680.0,Dublin City South,Dublin 12,4,4,Yes,Yes,3,Estate Agent
June,House,2590.0,Dublin City Sth.,Dublin 22,3,1,Yes,Yes,6,Estate Agent
June,Apartment,1170.0,North Co Dublin,,1,1,No,No,30,Estate Agent
June,House,6380.0,Dublin City North,Dublin 3,5,3,Yes,Yes,12,Estate Agent
June,House,4980.0,Dublin City South,Dublin 12,3,2,Yes,Yes,120,Owner
June,House,4770.0,Dublin City South,Dublin 10,5,1,Yes,Yes,6,Estate Agent
June,Apartment,2210.0,Dublin City South,Dublin 2,2,1,No,No,12,Owner
June,Apartment,1550.0,Dublin City Sth.,Dublin 16,1,2,No,No,12,Estate Agent
June,House,5240.0,Dublin City South,Dublin 4,4,1,Yes,Yes,6,Estate Agent
June,Apartment,1800.0,Dublin City North,Dublin 1,2,1,No,No,12,Estate Agent
June,Apartment,1040.0,Dublin City Sth.,Dublin 8,1,1,No,,12,Owner
June,Apartment,2430.0,Dublin City South,Dublin 2,2,1,No,No,12,Estate Agent
June,Apartment,2350.0,Dublin City Sth.,Dublin 2,2,1,No,No,3,Estate Agent
June,Apartment,1460.0,Dublin City North,Dublin 1,2,1,No,No,12,Estate Agent
June,House,4880.0,Dublin City North,Dublin 1,4,1,Yes,,6,Owner
June,Apartment,1480.0,Dublin City South,Dublin 10,2,1,No,No,12,Owner
June,Apartment,2800.0,Dublin City Sth.,Dublin 2,2,1,No,,120,Estate  Agent
June,Apartment,1180.0,Dublin City South,Dublin 10,2,1,No,No,3,Estate Agent
June,Apartment,1690.0,Dublin City Nth.,Dublin 1,2,1,Yes,No,12,Estate Agent
June,Apartment,1920.0,Dublin City South,Dublin 14,1,1,No,,12,Estate Agent
June,Apartment,1000.0,Dublin City South,Dublin 2,1,2,No,No,12,Estate  Agent
June,Apartment,1020.0,Dublin City South,Dublin 12,1,1,No,No,12,Estate Agent
June,Apartment,3030.0,Dublin City South,Dublin 6,2,2,No,,6,Estate Agent
June,House,4480.0,Dublin City Sth.,Dublin 6,4,3,Yes,Yes,,Estate Agent
June,House,4780.0,Dublin City South,Dublin 10,2,2,Yes,No,3,Estate Agent
June,House,4340.0,Dublin City North,Dublin 7,3,2,Yes,Yes,12,Estate Agent
June,Apartment,2410.0,South Co Dublin,,2,1,No,No,12,Owner
June,Apartment,1500.0,Dublin City North,Dublin 1,1,1,No,No,6,Estate Agent
June,House,2380.0,Dublin City South,Dublin 24,2,2,No,No,12,Owner
June,Apartment,1560.0,North Co Dublin,,1,2,No,No,12,Estate Agent
June,House,3580.0,Dublin City South,Dublin 20,3,2,Yes,Yes,6,Estate Agent
June,Apartment,2990.0,Dublin City South,Dublin 2,2,1,No,,12,Estate Agent
June,House,3490.0,Dublin City North,Dublin 13,2,2,Yes,No,12,Estate Agent
June,House,4970.0,South Co Dublin,,3,2,No,Yes,6,Estate Agent
June,Apartment,2140.0,Dublin City Sth.,Dublin 2,2,1,No,No,12,Estate Agent
June,House,5460.0,Dublin City Sth.,Dublin 14,3,1,Yes,No,3,Estate Agent
June,House,3230.0,Dublin City South,Dublin 12,2,1,No,Yes,12,Estate Agent
June,Apartment,1890.0,Dublin City North,Dublin 3,2,2,No,No,30,Estate Agent
June,House,2870.0,Dublin City South,Dublin 14,4,4,Yes,Yes,3,Owner
June,Apartment,2910.0,Dublin City North,Dublin 1,2,2,Yes,No,12,Owner
June,Apartment,1520.0,Dublin City North,Dublin 1,2,1,No,No,3,Owner
June,Apartment,1610.0,North Co Dublin,,2,1,No,No,12,Estate Agent
June,Apartment,1660.0,Dublin City South,Dublin 18,3,1,No,No,12,Estate Agent
June,Apartment,1190.0,Dublin City South,Dublin 24,1,1,No,No,12,Owner
June,Apartment,1630.0,Dublin City Nth.,Dublin 1,1,1,No,No,12,Estate Agent
June,Apartment,1790.0,Dublin City North,Dublin 15,2,1,No,No,12,Owner
June,Apartment,1140.0,Dublin City Sth.,Dublin 2,1,2,,No,12,Owner
June,Apartment,2580.0,Dublin City Nth.,Dublin 5,2,2,No,No,12,Estate Agent
June,Apartment,2830.0,Dublin City South,Dublin 2,1,1,No,,3,Estate Agent
June,Apartment,3360.0,Dublin City Sth.,Dublin 6W,3,1,No,No,12,Estate Agent
June,Apartment,2410.0,Dublin City North,Dublin 1,2,1,No,No,3,Estate Agent
June,Apartment,1760.0,Dublin City South,Dublin 24,1,2,No,No,12,Owner
June,House,2580.0,Dublin City Nth.,Dublin 5,4,2,Yes,Yes,12,Owner
June,Apartment,2300.0,Dublin City South,Dublin 16,2,1,No,No,12,Estate Agent
June,House,3130.0,Dublin City South,Dublin 6,4,2,No,Yes,6,Owner
June,House,4690.0,Dublin City South,Dublin 12,3,2,Yes,Yes,12,Owner
June,Apartment,1980.0,Dublin City North,Dublin 5,1,1,Yes,No,60,Estate Agent
June,Apartment,1490.0,Dublin City North,Dublin 3,2,2,,,60,Estate Agent
June,Apartment,1820.0,Dublin City South,Dublin 8,1,2,No,No,12,Estate Agent
June,Apartment,1340.0,Dublin City South,Dublin 24,2,1,No,No,6,Estate Agent
June,Apartment,1380.0,Dublin City South,Dublin 2,1,1,Yes,,12,Estate Agent
June,Apartment,1090.0,Dublin City South,Dublin 16,1,1,No,No,3,Owner
June,House,2320.0,Dublin City North,Dublin 11,1,1,Yes,Yes,12,Estate Agent
June,Apartment,3070.0,Dublin City South,Dublin 2,3,2,No,No,12,Estate Agent
June,Apartment,2450.0,Dublin City Sth.,Dublin 2,1,1,No,No,12,Estate Agent
June,Apartment,1210.0,Dublin City South,Dublin 6W,1,2,No,No,,Estate Agent
June,Apartment,820.0,Dublin City South,Dublin 20,1,2,No,,12,Owner
June,House,2980.0,Dublin City South,Dublin 14,3,1,Yes,Yes,12,Owner
June,Apartment,1000.0,Dublin City Nth.,Dublin 1,1,1,Yes,No,120,Estate Agent
June,House,2510.0,Dublin City North,Dublin 9,2,2,Yes,Yes,12,Estate Agent
June,House,5630.0,Dublin City Nth.,Dublin 9,5,2,No,Yes,120,Owner
June,Apartment,1650.0,North Co Dublin,,1,1,No,No,12,Estate Agent
June,Apartment,2230.0,Dublin City South,Dublin 2,1,2,Yes,No,12,Owner
June,Apartment,1080.0,Dublin City South,Dublin 2,1,1,No,No,12,Owner
June,Apartment,1490.0,South Co Dublin,,3,1,No,No,12,Estate Agent
June,Apartment,1580.0,Dublin City Sth.,Dublin 8,1,1,No,No,12,Estate Agent
June,Apartment,1670.0,Dublin City South,Dublin 2,1,1,No,No,120,Estate Agent
June,Apartment,1200.0,Dublin City South,Dublin 22,1,1,No,No,3,Estate Agent
June,Apartment,3130.0,Dublin City Sth.,Dublin 2,2,1,No,No,3,Estate Agent
June,Apartment,2280.0,Dublin City Sth.,Dublin 2,2,2,No,No,3,Estate Agent
June,Apartment,1820.0,Dublin City North,Dublin 1,2,1,No,No,3,Owner
June,Apartment,880.0,Dublin City South,Dublin 12,1,1,No,No,12,Estate Agent
June,Apartment,2140.0,Dublin City North,Dublin 1,1,1,No,No,12,Estate Agent
June,Apartment,2270.0,Dublin City South,Dublin 2,1,2,No,No,12,Owner
June,Apartment,1690.0,Dublin City South,Dublin 12,1,1,No,No,3,Owner
June,House,4790.0,Dublin City Nth.,Dublin 11,3,2,Yes,Yes,12,Owner
June,Apartment,1110.0,Dublin City North,Dublin 3,1,1,Yes,No,12,Estate Agent
June,Apartment,2020.0,Dublin City South,Dublin 6,1,2,No,,12,Estate Agent
June,Apartment,2580.0,Dublin City South,Dublin 4,1,2,No,No,12,Estate Agent
June,Apartment,790.0,Dublin City South,Dublin 22,1,2,No,No,12,Owner
June,Apartment,1900.0,Dublin City Nth.,Dublin 7,1,2,No,No,12,Estate Agent
June,Apartment,2000.0,Dublin City South,Dublin 8,2,1,No,No,6,Owner
June,House,2300.0,Dublin City South,Dublin 20,3,2,Yes,Yes,6,Estate Agent
June,Apartment,1580.0,Dublin City South,Dublin 14,1,1,No,No,120,Owner
June,Apartment,1340.0,Dublin City South,Dublin 14,1,1,Yes,No,12,Estate Agent
July,House,4560.0,Dublin City South,Dublin 22,3,1,No,,,Estate Agent
July,Apartment,2220.0,Dublin City South,Dublin 24,2,2,No,No,3,Owner
July,Apartment,1880.0,Dublin City South,Dublin 8,1,1,No,No,12,Estate  Agent
July,House,3500.0,Dublin City South,Dublin 18,3,2,Yes,Yes,12,Owner
July,Apartment,960.0,Dublin City Nth.,Dublin 9,1,1,No,No,12,Owner
July,Apartment,2970.0,Dublin City North,Dublin 1,2,2,No,No,12,Estate Agent
July,Apartment,940.0,Dublin City South,Dublin 8,1,1,No,,,Owner
July,Apartment,3150.0,Dublin City South,Dublin 2,2,2,No,No,12,Estate Agent
July,Apartment,1280.0,Dublin City North,Dublin 1,1,1,No,No,12,Estate Agent
July,Apartment,3090.0,Dublin City North,Dublin 1,2,1,Yes,No,12,Estate Agent
July,House,4530.0,Dublin City South,Dublin 8,4,3,Yes,Yes,12,Owner
July,House,6050.0,Dublin City Sth.,Dublin 20,3,1,Yes,Yes,3,Estate Agent
July,House,3480.0,Dublin City South,Dublin 2,2,1,Yes,Yes,12,Owner
July,House,4880.0,Dublin City Sth.,Dublin 10,4,4,Yes,Yes,120,Owner
July,House,6890.0,Dublin City South,Dublin 4,4,4,Yes,Yes,12,Estate Agent
July,Apartment,1270.0,Dublin City South,Dublin 24,1,1,No,,3,Estate Agent
July,Apartment,1270.0,Dublin City South,Dublin 8,1,1,No,No,6,Estate Agent
July,Apartment,2850.0,Dublin City Sth.,Dublin 2,2,1,No,No,12,Estate Agent
July,Apartment,1940.0,Dublin City South,Dublin 16,3,1,No,No,12,Owner
July,Apartment,1470.0,Dublin City North,Dublin 3,2,1,No,No,12,Estate Agent
July,Apartment,1590.0,Dublin City North,Dublin 1,1,1,Yes,No,12,Estate Agent
July,House,2260.0,Dublin City Nth.,Dublin 9,4,3,Yes,Yes,6,Estate Agent
July,Apartment,1150.0,Dublin City Nth.,Dublin 1,2,1,No,No,12,Estate Agent
July,House,4870.0,Dublin City North,Dublin 7,2,2,Yes,Yes,3,Estate Agent
July,House,6930.0,Dublin City Sth.,Dublin 6,3,2,Yes,Yes,3,Estate Agent
July,Apartment,2560.0,Dublin City Nth.,Dublin 1,2,1,Yes,No,12,Estate  Agent
July,Apartment,750.0,Dublin City North,Dublin 11,1,2,No,No,6,Estate Agent
July,Apartment,2270.0,Dublin City South,Dublin 20,2,2,No,No,120,Owner
July,Apartment,1310.0,Dublin City South,Dublin 2,1,2,No,No,12,Estate  Agent
July,Apartment,1310.0,Dublin City Sth.,Dublin 18,1,1,Yes,No,12,Owner
July,Apartment,1570.0,Dublin City North,Dublin 1,2,2,,,120,Owner
July,Apartment,1990.0,Dublin City North,Dublin 5,1,1,No,No,3,Owner
July,Apartment,1760.0,Dublin City North,Dublin 1,1,1,No,No,3,Estate Agent
July,House,5980.0,Dublin City South,Dublin 16,1,1,No,Yes,3,Owner
July,Apartment,1250.0,Dublin City South,Dublin 2,1,2,Yes,No,12,Owner
July,Apartment,2340.0,Dublin City North,Dublin 1,1,1,No,No,3,Estate Agent
July,Apartment,2190.0,Dublin City South,Dublin 2,1,1,No,No,120,Estate Agent
July,House,2510.0,South Co Dublin,,4,4,Yes,Yes,12,Estate Agent
July,Apartment,1680.0,Dublin City South,Dublin 2,2,1,No,No,,Estate Agent
July,House,3110.0,Dublin City South,Dublin 24,3,2,Yes,Yes,,Estate Agent
July,Apartment,1600.0,Dublin City South,Dublin 18,1,1,No,No,12,Estate Agent
July,Apartment,1030.0,Dublin City South,Dublin 14,1,1,No,No,12,Estate Agent
July,Apartment,2200.0,Dublin City Nth.,Dublin 1,2,1,No,No,12,Estate Agent
July,Apartment,2420.0,Dublin City Sth.,Dublin 2,1,2,No,No,60,Estate Agent
July,Apartment,930.0,Dublin City South,Dublin 24,1,1,Yes,No,12,Estate Agent
July,Apartment,1700.0,Dublin City Nth.,Dublin 15,1,1,No,No,6,Estate Agent
July,House,3210.0,Dublin City North,Dublin 15,4,1,Yes,,3,Estate Agent
July,Apartment,1460.0,Dublin City North,Dublin 1,2,2,No,No,12,Estate Agent
July,Apartment,1820.0,Dublin City Sth.,Dublin 6W,1,1,No,No,12,Estate Agent
July,House,3830.0,Dublin City North,Dublin 1,3,2,Yes,Yes,6,Owner
July,House,2070.0,Dublin City South,Dublin 6,2,1,Yes,No,6,Estate Agent
July,Apartment,1720.0,Dublin City Sth.,Dublin 2,1,1,No,No,60,Estate Agent
July,Apartment,1950.0,North Co Dublin,,2,1,Yes,No,12,Estate Agent
July,Apartment,1900.0,Dublin City South,Dublin 14,1,1,No,No,120,Owner
July,House,3630.0,South Co Dublin,,4,4,No,Yes,6,Owner
July,House,4670.0,Dublin City Sth.,Dublin 6,2,1,No,No,3,Estate Agent
July,House,6270.0,Dublin City Sth.,Dublin 6W,3,2,Yes,Yes,3,Estate Agent
July,House,3020.0,Dublin City North,Dublin 15,4,4,Yes,Yes,12,Estate Agent
July,Apartment,1170.0,South Co Dublin,,2,1,No,,12,Estate Agent
July,Apartment,1840.0,Dublin City North,Dublin 1,2,1,No,No,6,Estate Agent
July,House,3190.0,Dublin City South,Dublin 8,3,1,Yes,Yes,3,Owner
July,Apartment,2470.0,Dublin City North,Dublin 1,2,1,No,No,12,Estate Agent
July,House,2640.0,Dublin City South,Dublin 6,4,3,No,Yes,12,Estate Agent
July,Apartment,1370.0,Dublin City South,Dublin 24,1,1,No,No,12,Estate Agent
July,Apartment,1120.0,Dublin City North,Dublin 1,2,1,No,No,12,Estate Agent
July,Apartment,1130.0,Dublin City South,Dublin 22,2,1,No,No,12,Estate Agent
July,Apartment,1550.0,Dublin City Nth.,Dublin 13,1,1,No,,12,Estate Agent
July,House,4060.0,Dublin City North,Dublin 15,2,1,No,Yes,120,Estate Agent
July,Apartment,1440.0,Dublin City Nth.,Dublin 15,1,1,No,No,12,Estate Agent
July,Apartment,960.0,Dublin City North,Dublin 11,1,2,No,No,12,Estate Agent
July,Apartment,1130.0,Dublin City North,Dublin 13,2,2,Yes,No,6,Estate Agent
July,Apartment,1950.0,Dublin City South,Dublin 12,2,1,No,No,3,Estate Agent
July,Apartment,940.0,Dublin City North,Dublin 1,1,2,,No,12,Estate Agent
July,Apartment,4200.0,Dublin City South,Dublin 20,3,2,No,No,12,Estate Agent
July,House,4240.0,Dublin City North,Dublin 5,4,4,Yes,Yes,12,Owner
July,Apartment,3160.0,Dublin City South,Dublin 2,3,1,,No,12,Estate Agent
July,House,2570.0,South Co Dublin,,4,1,Yes,Yes,12,Owner
July,Apartment,1250.0,Dublin City Nth.,Dublin 11,1,2,Yes,No,6,Estate Agent
July,House,3490.0,Dublin City North,Dublin 3,4,1,No,Yes,12,Estate Agent
July,Apartment,2220.0,Dublin City Nth.,Dublin 1,2,2,No,,6,Owner
July,Apartment,3420.0,Dublin City Sth.,Dublin 2,2,1,No,No,12,Estate Agent
July,Apartment,1760.0,North Co Dublin,,1,2,No,No,6,Owner
July,House,3030.0,Dublin City North,Dublin 13,4,1,No,Yes,12,Estate Agent
July,House,3800.0,Dublin City North,Dublin 15,3,1,Yes,,,Owner
July,Apartment,2510.0,Dublin City South,Dublin 2,1,2,No,No,3,Estate Agent
July,Apartment,2430.0,Dublin City South,Dublin 2,1,1,No,No,12,Estate Agent
July,Apartment,2430.0,Dublin City Sth.,Dublin 8,2,2,No,No,12,Owner
July,Apartment,2610.0,Dublin City South,Dublin 2,2,1,No,No,12,Estate Agent
July,Apartment,1060.0,Dublin City South,Dublin 6W,1,2,No,No,6,Estate Agent
July,Apartment,3880.0,Dublin City North,Dublin 1,3,1,No,No,120,Estate Agent
July,House,3010.0,Dublin City North,Dublin 1,3,1,Yes,Yes,12,Estate Agent
July,House,2750.0,South Co Dublin,,3,2,No,,6,Owner
July,House,7740.0,Dublin City South,Dublin 4,3,2,Yes,Yes,3,Owner
July,Apartment,3110.0,Dublin City South,Dublin 2,2,1,No,No,120,Estate Agent
July,Apartment,1110.0,Dublin City North,Dublin 13,2,1,No,No,12,Estate Agent
July,House,2890.0,Dublin City Nth.,Dublin 1,3,2,Yes,Yes,6,Estate Agent
July,Apartment,2570.0,Dublin City Nth.,Dublin 1,3,1,No,No,12,Owner
July,Apartment,1170.0,Dublin City South,Dublin 2,2,2,No,No,12,Estate Agent
July,House,3790.0,North Co Dublin,,5,2,No,Yes,6,Owner
July,Apartment,1650.0,Dublin City South,Dublin 10,1,2,No,No,12,Owner
July,House,5150.0,Dublin City Nth.,Dublin 3,1,1,No,Yes,12,Estate Agent
July,Apartment,2140.0,Dublin City South,Dublin 2,1,2,No,No,6,Estate Agent
July,Apartment,1330.0,Dublin City South,Dublin 2,1,1,No,,12,Owner
July,Apartment,1650.0,Dublin City South,Dublin 12,2,1,No,No,12,Estate Agent
July,Apartment,2190.0,Dublin City Nth.,Dublin 1,2,2,No,No,12,Owner
July,Apartment,2610.0,Dublin City Nth.,Dublin 1,2,2,Yes,No,12,Estate Agent
July,Apartment,1330.0,Dublin City South,Dublin 12,1,1,No,No,3,Estate Agent
July,Apartment,3000.0,Dublin City North,Dublin 1,2,2,Yes,No,120,Estate Agent
July,Apartment,1770.0,Dublin City Nth.,Dublin 7,1,1,No,No,12,Owner
July,Apartment,1140.0,Dublin City North,Dublin 9,2,1,Yes,No,12,Owner
July,House,5190.0,Dublin City South,Dublin 4,4,3,No,Yes,12,Estate Agent
July,Apartment,3810.0,Dublin City North,Dublin 17,3,2,No,No,12,Estate  Agent
July,House,3790.0,Dublin City North,Dublin 15,4,3,No,Yes,12,Estate Agent
July,Apartment,1490.0,Dublin City Sth.,Dublin 16,2,1,No,No,12,Estate Agent
July,Apartment,2700.0,Dublin City Sth.,Dublin 18,2,2,No,No,12,Estate Agent
July,Apartment,1380.0,Dublin City Sth.,Dublin 14,1,1,No,No,12,Estate Agent
July,House,3020.0,Dublin City South,Dublin 8,1,2,No,Yes,6,Owner
July,Apartment,950.0,Dublin City North,Dublin 11,1,1,No,No,12,Estate Agent
July,Apartment,2900.0,Dublin City South,Dublin 2,2,2,,No,,Estate Agent
July,Apartment,1670.0,Dublin City North,Dublin 1,1,1,No,No,12,Owner
July,Apartment,3540.0,Dublin City Nth.,Dublin 17,3,1,No,No,12,Estate Agent
July,Apartment,3000.0,Dublin City North,Dublin 1,2,2,Yes,No,120,Owner
July,Apartment,2720.0,Dublin City North,Dublin 3,2,2,No,No,12,Estate Agent
July,House,6020.0,Dublin City Nth.,Dublin 1,4,3,Yes,Yes,12,Owner
July,Apartment,5450.0,Dublin City North,Dublin 1,3,1,Yes,,12,Estate Agent
July,Apartment,1170.0,Dublin City Sth.,Dublin 18,1,1,No,No,6,Estate Agent
July,Apartment,1520.0,Dublin City North,Dublin 1,1,1,No,No,12,Owner
July,Apartment,2530.0,Dublin City South,Dublin 16,2,2,,No,12,Estate Agent
July,House,2630.0,Dublin City Nth.,Dublin 5,3,2,Yes,Yes,12,Owner
July,House,3290.0,Dublin City South,Dublin 6,4,1,No,,3,Owner
July,Apartment,2430.0,Dublin City North,Dublin 1,2,1,No,No,6,Owner
July,Apartment,2250.0,Dublin City South,Dublin 16,2,1,No,No,3,Estate  Agent
July,Apartment,830.0,Dublin City South,Dublin 14,1,2,No,No,6,Owner
July,Apartment,1380.0,Dublin City South,Dublin 2,2,2,No,No,12,Owner
July,Apartment,3730.0,Dublin City South,Dublin 12,3,1,No,No,6,Estate Agent
July,Apartment,1590.0,Dublin City North,Dublin 7,2,1,No,No,12,Estate Agent
July,Apartment,1710.0,Dublin City South,Dublin 22,3,2,No,No,12,Estate Agent
July,House,2750.0,Dublin City Sth.,Dublin 12,4,2,No,Yes,6,Estate Agent
July,Apartment,1720.0,Dublin City Nth.,Dublin 1,2,1,No,No,3,Estate Agent
July,Apartment,2410.0,Dublin City North,Dublin 1,2,1,Yes,No,12,Estate Agent
July,Apartment,2420.0,Dublin City South,Dublin 6W,2,2,No,No,3,Estate Agent
July,Apartment,810.0,Dublin City South,Dublin 10,1,1,Yes,No,12,Estate Agent
July,Apartment,1540.0,Dublin City South,Dublin 10,2,2,No,No,3,Estate Agent
July,House,3090.0,Dublin City North,Dublin 17,3,2,No,Yes,6,Estate  Agent
July,Apartment,3930.0,Dublin City South,Dublin 4,3,1,,No,12,Estate Agent
July,House,6040.0,Dublin City Nth.,Dublin 13,2,2,No,Yes,3,Owner
July,Apartment,1340.0,Dublin City South,Dublin 8,1,2,Yes,,12,Owner
July,Apartment,800.0,Dublin City South,Dublin 18,1,1,No,No,12,Estate Agent
July,Apartment,1220.0,Dublin City South,Dublin 2,1,1,No,No,12,Owner
July,House,3610.0,North Co Dublin,,1,2,No,Yes,3,Owner
July,Apartment,1110.0,South Co Dublin,,1,2,,No,12,Estate Agent
July,Apartment,3310.0,Dublin City North,Dublin 17,3,1,No,No,12,Owner
July,House,4510.0,Dublin City South,Dublin 12,3,2,Yes,Yes,12,Estate Agent
July,Apartment,2350.0,Dublin City South,Dublin 14,2,2,No,No,120,Estate Agent
July,Apartment,2510.0,Dublin City North,Dublin 1,2,1,No,No,12,Estate Agent
July,Apartment,2070.0,Dublin City Sth.,Dublin 16,2,2,No,No,3,Owner
July,Apartment,1650.0,Dublin City Nth.,Dublin 1,1,2,No,No,12,Estate Agent
August,Apartment,1810.0,Dublin City South,Dublin 10,2,1,No,No,12,Estate Agent
August,Apartment,1380.0,Dublin City Sth.,Dublin 20,2,1,No,No,12,Estate Agent
August,Apartment,4300.0,Dublin City South,Dublin 10,3,1,No,No,,Estate Agent
August,Apartment,2090.0,Dublin City South,Dublin 24,2,1,No,No,,Estate Agent
August,Apartment,1290.0,Dublin City North,Dublin 1,2,1,No,No,12,Estate Agent
August,Apartment,1380.0,Dublin City North,Dublin 1,2,1,No,No,12,Estate Agent
August,Apartment,4380.0,Dublin City South,Dublin 2,3,1,No,No,12,Estate Agent
August,Apartment,1730.0,Dublin City North,Dublin 1,2,1,Yes,No,60,Owner
August,Apartment,2940.0,Dublin City North,Dublin 1,2,2,No,No,12,Estate Agent
August,House,5140.0,North Co Dublin,,4,4,Yes,Yes,3,Estate Agent
August,Apartment,1730.0,Dublin City South,Dublin 2,2,2,No,No,12,Estate  Agent
August,Apartment,2260.0,Dublin City Sth.,Dublin 16,2,1,No,No,12,Estate Agent
August,House,4560.0,Dublin City North,Dublin 15,2,2,No,Yes,12,Estate Agent
August,Apartment,2490.0,Dublin City South,Dublin 6W,2,1,Yes,No,6,Estate Agent
August,Apartment,2230.0,Dublin City Sth.,Dublin 4,1,1,No,No,12,Owner
August,Apartment,1360.0,Dublin City South,Dublin 20,3,1,No,No,120,Estate Agent
August,House,3450.0,South Co Dublin,,3,1,No,Yes,12,Owner
August,Apartment,1160.0,Dublin City North,Dublin 3,2,2,No,No,12,Estate Agent
August,Apartment,1380.0,Dublin City Sth.,Dublin 8,1,2,Yes,No,12,Owner
August,House,5010.0,Dublin City South,Dublin 18,4,2,Yes,Yes,12,Estate Agent
August,Apartment,3120.0,Dublin City North,Dublin 1,2,1,No,No,12,Estate Agent
August,House,4310.0,Dublin City Nth.,Dublin 7,3,1,Yes,,3,Estate Agent
August,Apartment,860.0,Dublin City North,Dublin 15,2,1,No,No,12,Estate Agent
August,Apartment,2940.0,Dublin City South,Dublin 2,2,1,No,No,12,Owner
August,Apartment,2470.0,Dublin City South,Dublin 2,1,2,No,No,12,Estate Agent
August,Apartment,770.0,Dublin City South,Dublin 20,1,1,Yes,No,12,Estate Agent
August,Apartment,2260.0,Dublin City South,Dublin 14,2,1,No,No,12,Owner
August,Apartment,1160.0,Dublin City South,Dublin 8,1,1,Yes,No,12,Estate Agent
August,House,2660.0,North Co Dublin,,4,2,Yes,Yes,12,Estate Agent
August,Apartment,2210.0,Dublin City North,Dublin 13,2,2,No,No,3,Estate Agent
August,House,3380.0,Dublin City North,Dublin 11,3,1,Yes,Yes,12,Estate Agent
August,House,5010.0,Dublin City Nth.,Dublin 7,3,2,Yes,Yes,12,Estate Agent
August,Apartment,1450.0,Dublin City Sth.,Dublin 2,2,1,Yes,No,6,Estate Agent
August,Apartment,1570.0,Dublin City South,Dublin 24,2,2,No,No,12,Estate Agent
August,Apartment,1930.0,Dublin City South,Dublin 24,2,1,No,No,6,Estate Agent
August,Apartment,1490.0,Dublin City South,Dublin 2,1,1,No,No,12,Estate Agent
August,House,3240.0,Dublin City South,Dublin 10,3,1,Yes,Yes,12,Owner
August,Apartment,1690.0,Dublin City South,Dublin 2,2,2,No,No,12,Estate Agent
August,Apartment,1770.0,Dublin City South,Dublin 20,1,1,No,No,12,Estate  Agent
August,Apartment,2730.0,Dublin City Nth.,Dublin 1,2,1,No,No,12,Estate Agent
August,Apartment,2790.0,Dublin City South,Dublin 6,2,1,Yes,No,12,Estate Agent
August,Apartment,1530.0,Dublin City South,Dublin 12,1,2,Yes,No,6,Estate Agent
August,House,3950.0,Dublin City South,Dublin 24,4,4,Yes,Yes,3,Estate Agent
August,Apartment,2510.0,Dublin City South,Dublin 22,2,2,No,No,120,Owner
August,Apartment,1800.0,Dublin City North,Dublin 1,2,1,No,No,12,Estate Agent
August,Apartment,1450.0,Dublin City South,Dublin 2,1,1,No,No,12,Owner
August,House,4950.0,Dublin City North,Dublin 9,3,1,Yes,Yes,30,Estate Agent
August,Apartment,5890.0,Dublin City South,Dublin 2,3,1,Yes,No,12,Estate Agent
August,Apartment,1610.0,Dublin City Nth.,Dublin 9,1,1,,No,,Owner
August,Apartment,940.0,North Co Dublin,,1,1,No,No,30,Estate Agent
August,Apartment,1050.0,Dublin City South,Dublin 12,1,1,,,3,Owner
August,Apartment,2760.0,Dublin City South,Dublin 14,2,1,Yes,No,12,Estate  Agent
August,Apartment,2030.0,Dublin City North,Dublin 1,1,2,No,No,12,Estate Agent
August,House,3350.0,Dublin City South,Dublin 4,4,3,Yes,Yes,12,Owner
August,Apartment,1490.0,Dublin City Sth.,Dublin 16,1,2,No,No,12,Estate Agent
August,Apartment,1850.0,Dublin City Sth.,Dublin 2,1,1,No,No,12,Estate Agent
August,Apartment,1410.0,Dublin City South,Dublin 8,1,2,No,No,120,Owner
August,Apartment,1890.0,Dublin City South,Dublin 20,2,1,No,No,12,Estate Agent
August,Apartment,2260.0,Dublin City North,Dublin 1,1,1,No,No,3,Estate Agent
August,Apartment,2280.0,Dublin City South,Dublin 2,2,2,No,No,6,Estate Agent
August,Apartment,1670.0,Dublin City South,Dublin 2,2,2,No,No,6,Estate Agent
August,Apartment,1830.0,Dublin City North,Dublin 1,2,2,Yes,No,12,Owner
August,House,2360.0,Dublin City North,Dublin 7,3,2,No,Yes,12,Owner
August,Apartment,2360.0,Dublin City Sth.,Dublin 2,1,1,No,No,6,Owner
August,House,3260.0,Dublin City Nth.,Dublin 15,3,2,,Yes,12,Estate Agent
August,House,2510.0,South Co Dublin,,1,2,No,Yes,120,Estate Agent
August,Apartment,1140.0,Dublin City South,Dublin 12,2,1,No,,12,Estate Agent
August,House,2830.0,Dublin City North,Dublin 1,2,2,Yes,No,12,Owner
August,Apartment,2800.0,Dublin City South,Dublin 2,2,1,No,No,3,Owner
August,Apartment,1860.0,Dublin City South,Dublin 2,1,1,No,No,12,Estate Agent
August,Apartment,2210.0,Dublin City South,Dublin 2,1,2,No,No,6,Owner
August,House,6690.0,Dublin City South,Dublin 4,4,3,,Yes,12,Estate Agent
August,Apartment,1300.0,Dublin City South,Dublin 6,2,1,No,No,30,Estate Agent
August,Apartment,1100.0,Dublin City South,Dublin 4,1,1,No,No,6,Estate Agent
August,Apartment,990.0,Dublin City Nth.,Dublin 1,1,2,Yes,No,12,Estate Agent
August,Apartment,1760.0,North Co Dublin,,1,2,Yes,No,,Estate Agent
August,Apartment,1020.0,Dublin City North,Dublin 1,1,2,No,No,12,Estate Agent
August,Apartment,2200.0,Dublin City South,Dublin 2,1,2,No,No,12,Estate Agent
August,Apartment,2590.0,Dublin City North,Dublin 1,2,1,No,No,12,Estate Agent
August,Apartment,1110.0,Dublin City South,Dublin 2,1,1,No,No,12,Estate Agent
August,Apartment,2600.0,Dublin City South,Dublin 2,2,1,No,,,Estate Agent
August,House,5920.0,Dublin City South,Dublin 14,5,4,Yes,Yes,3,Owner
August,Apartment,1010.0,Dublin City Sth.,Dublin 20,2,1,No,No,12,Estate Agent
August,Apartment,1930.0,Dublin City North,Dublin 1,1,1,No,No,12,Estate Agent
August,House,4140.0,Dublin City North,Dublin 13,3,1,Yes,Yes,60,Owner
August,Apartment,1920.0,Dublin City South,Dublin 22,2,1,,No,12,Estate Agent
August,Apartment,1670.0,Dublin City South,Dublin 10,1,2,No,No,12,Estate Agent
August,Apartment,2540.0,Dublin City Sth.,Dublin 2,2,1,No,No,12,Estate Agent
August,Apartment,1910.0,Dublin City South,Dublin 18,1,1,No,No,12,Estate Agent
August,Apartment,2140.0,Dublin City South,Dublin 2,1,1,No,No,12,Estate Agent
August,Apartment,1100.0,Dublin City South,Dublin 18,1,2,No,,12,Estate Agent
August,Apartment,1400.0,Dublin City Nth.,Dublin 1,1,1,Yes,No,6,Estate Agent
August,Apartment,2650.0,Dublin City Sth.,Dublin 18,2,2,No,No,12,Estate Agent
August,House,2540.0,Dublin City Sth.,Dublin 8,4,3,Yes,,12,Owner
August,House,2600.0,Dublin City South,Dublin 18,2,2,No,Yes,120,Estate Agent
August,Apartment,1470.0,Dublin City North,Dublin 1,2,1,Yes,No,12,Estate Agent
August,Apartment,1310.0,Dublin City Sth.,Dublin 14,2,2,,No,12,Estate Agent
August,Apartment,1100.0,Dublin City North,Dublin 13,1,1,,No,3,Estate Agent
August,Apartment,2300.0,Dublin City South,Dublin 16,2,2,Yes,No,12,Estate Agent
August,Apartment,1240.0,Dublin City North,Dublin 1,2,1,No,No,12,Estate Agent
August,Apartment,1930.0,Dublin City South,Dublin 8,1,1,Yes,No,3,Estate Agent
August,House,3270.0,Dublin City North,Dublin 13,3,2,Yes,Yes,12,Owner
August,House,2880.0,Dublin City Sth.,Dublin 10,5,1,,Yes,12,Owner
August,Apartment,1800.0,North Co Dublin,,2,1,No,No,12,Estate Agent
August,Apartment,2180.0,Dublin City North,Dublin 1,2,2,No,No,12,Estate Agent
August,Apartment,1140.0,Dublin City Nth.,Dublin 1,2,2,No,No,12,Owner
August,Apartment,1750.0,North Co Dublin,,1,2,No,No,6,Estate Agent
August,Apartment,1520.0,Dublin City Sth.,Dublin 2,1,2,No,No,12,Estate Agent
August,Apartment,2720.0,Dublin City Nth.,Dublin 1,3,1,,No,12,Estate Agent
August,Apartment,1410.0,Dublin City North,Dublin 13,1,1,No,No,12,Estate Agent
August,Apartment,2310.0,Dublin City Sth.,Dublin 10,2,1,No,No,12,Owner
August,Apartment,1790.0,Dublin City South,Dublin 22,2,1,No,No,12,Estate Agent
August,Apartment,1360.0,Dublin City South,Dublin 2,2,1,No,No,6,Estate Agent
August,Apartment,1030.0,Dublin City Nth.,Dublin 1,1,1,No,No,12,Estate Agent
August,Apartment,1680.0,Dublin City Sth.,Dublin 18,1,1,No,No,12,Estate Agent
August,Apartment,1200.0,Dublin City Sth.,Dublin 6,1,1,No,No,12,Estate Agent
August,Apartment,1480.0,Dublin City North,Dublin 1,2,1,No,No,12,Estate Agent
August,House,3190.0,Dublin City South,Dublin 22,3,1,Yes,Yes,3,Owner
August,Apartment,1840.0,Dublin City South,Dublin 16,1,1,No,No,12,Owner
August,Apartment,1710.0,Dublin City North,Dublin 1,1,1,No,No,6,Estate Agent
August,Apartment,790.0,Dublin City South,Dublin 12,1,2,No,No,60,Estate Agent
August,Apartment,4380.0,Dublin City North,Dublin 9,3,2,No,No,6,Estate Agent
August,House,5230.0,Dublin City Sth.,Dublin 6W,3,2,No,Yes,30,Owner
August,Apartment,2240.0,Dublin City South,Dublin 12,2,1,No,,12,Estate Agent
August,Apartment,4340.0,Dublin City North,Dublin 13,3,2,Yes,No,120,Estate Agent
August,Apartment,1710.0,North Co Dublin,,2,1,No,No,6,Estate Agent
August,Apartment,1240.0,Dublin City North,Dublin 1,1,2,Yes,No,12,Estate Agent
August,Apartment,1420.0,Dublin City North,Dublin 1,1,1,Yes,No,12,Estate Agent
August,Apartment,1310.0,Dublin City North,Dublin 15,1,1,No,No,12,Estate Agent
August,Apartment,2080.0,Dublin City South,Dublin 6W,2,1,No,No,120,Estate Agent
August,Apartment,1290.0,Dublin City South,Dublin 2,1,1,No,,12,Estate Agent
August,Apartment,1630.0,Dublin City South,Dublin 6W,2,1,No,,12,Estate Agent
August,House,2630.0,Dublin City North,Dublin 1,4,1,No,Yes,6,Owner
August,Apartment,1820.0,Dublin City South,Dublin 16,1,2,No,No,12,Estate Agent
August,Apartment,2860.0,Dublin City South,Dublin 4,2,1,No,No,12,Owner
August,Apartment,1160.0,Dublin City Nth.,Dublin 1,1,2,No,,12,Estate Agent
August,House,5880.0,Dublin City South,Dublin 2,3,2,Yes,Yes,12,Estate Agent
August,Apartment,1640.0,Dublin City South,Dublin 24,2,2,No,,12,Estate  Agent
September,Apartment,2740.0,Dublin City South,Dublin 6W,2,2,No,No,12,Estate  Agent
September,Apartment,1820.0,Dublin City South,Dublin 2,2,1,No,No,12,Estate Agent
September,Apartment,3140.0,Dublin City South,Dublin 2,2,1,No,No,12,Estate  Agent
September,Apartment,2060.0,Dublin City South,Dublin 8,2,2,Yes,No,120,Estate Agent
September,House,5980.0,Dublin City North,Dublin 11,2,2,Yes,Yes,3,Owner
September,Apartment,4030.0,Dublin City South,Dublin 8,3,1,No,No,12,Estate Agent
September,House,8220.0,Dublin City Sth.,Dublin 2,4,3,Yes,Yes,,Estate Agent
September,Apartment,1000.0,Dublin City South,Dublin 24,1,1,Yes,No,12,Owner
September,Apartment,1850.0,Dublin City South,Dublin 6,2,1,No,No,12,Estate Agent
September,Apartment,2000.0,Dublin City Sth.,Dublin 24,2,2,No,No,6,Estate Agent
September,Apartment,3040.0,Dublin City Sth.,Dublin 6,2,1,,No,12,Estate  Agent
September,Apartment,2100.0,Dublin City South,Dublin 14,1,2,No,No,12,Estate Agent
September,Apartment,2170.0,Dublin City South,Dublin 20,3,1,Yes,No,,Estate Agent
September,House,3850.0,Dublin City Nth.,Dublin 11,4,1,Yes,Yes,30,Estate Agent
September,Apartment,960.0,Dublin City South,Dublin 6W,1,1,No,No,12,Estate Agent
September,Apartment,1980.0,Dublin City South,Dublin 2,3,1,No,No,12,Estate Agent
September,Apartment,1970.0,Dublin City South,Dublin 10,1,1,Yes,No,6,Estate Agent
September,House,2760.0,Dublin City Sth.,Dublin 18,1,2,Yes,Yes,12,Owner
September,Apartment,5640.0,Dublin City South,Dublin 16,3,1,No,No,3,Estate Agent
September,Apartment,1750.0,Dublin City South,Dublin 24,1,2,Yes,No,6,Estate Agent
September,Apartment,2760.0,Dublin City South,Dublin 12,2,1,Yes,No,12,Estate Agent
September,Apartment,1720.0,Dublin City North,Dublin 7,2,1,,No,6,Estate Agent
September,Apartment,1180.0,Dublin City North,Dublin 13,2,1,No,No,12,Estate Agent
September,House,2610.0,South Co Dublin,,3,1,No,Yes,12,Estate Agent
September,Apartment,3380.0,Dublin City South,Dublin 2,3,2,No,No,120,Estate Agent
September,Apartment,1120.0,Dublin City North,Dublin 17,1,1,No,No,30,Estate Agent
September,Apartment,1520.0,Dublin City Nth.,Dublin 17,1,2,No,No,12,Estate Agent
September,House,2340.0,Dublin City South,Dublin 22,3,1,Yes,Yes,12,Estate Agent
September,Apartment,1930.0,Dublin City Nth.,Dublin 11,1,1,No,No,12,Estate Agent
September,House,3510.0,Dublin City Nth.,Dublin 7,4,1,No,Yes,6,Estate Agent
September,Apartment,1740.0,Dublin City North,Dublin 7,3,1,No,,12,Estate Agent
September,House,3900.0,Dublin City South,Dublin 10,3,2,Yes,Yes,3,Estate Agent
September,Apartment,1960.0,South Co Dublin,,1,2,No,No,12,Estate Agent
September,House,5310.0,Dublin City South,Dublin 22,3,2,Yes,Yes,3,Estate Agent
September,House,5380.0,North Co Dublin,,3,1,No,Yes,3,Estate Agent
September,Apartment,2220.0,Dublin City South,Dublin 12,1,2,No,No,3,Owner
September,House,2020.0,Dublin City South,Dublin 16,1,1,Yes,No,6,Estate Agent
September,Apartment,3300.0,Dublin City Sth.,Dublin 2,2,2,Yes,No,6,Owner
September,House,3240.0,Dublin City South,Dublin 20,3,2,No,Yes,12,Owner
September,Apartment,2760.0,Dublin City South,Dublin 2,2,1,No,No,120,Estate Agent
September,Apartment,3350.0,Dublin City Sth.,Dublin 2,2,1,Yes,,12,Owner
September,Apartment,1990.0,Dublin City Sth.,Dublin 2,2,1,No,No,12,Owner
September,Apartment,1810.0,Dublin City South,Dublin 8,1,1,No,No,12,Estate Agent
September,Apartment,1620.0,Dublin City Sth.,Dublin 22,3,1,,No,12,Owner
September,Apartment,2280.0,Dublin City North,Dublin 1,1,1,No,No,12,Estate Agent
September,House,3750.0,Dublin City South,Dublin 6W,3,2,Yes,Yes,6,Estate Agent
September,House,5920.0,Dublin City South,Dublin 8,2,2,Yes,Yes,30,Owner
September,Apartment,5040.0,Dublin City South,Dublin 4,3,1,No,No,12,Estate Agent
September,Apartment,1810.0,Dublin City South,Dublin 2,1,1,Yes,No,120,Estate Agent
September,House,4990.0,Dublin City South,Dublin 10,3,1,Yes,Yes,12,Estate Agent
September,Apartment,2050.0,Dublin City Nth.,Dublin 1,2,1,Yes,No,12,Estate Agent
September,Apartment,1830.0,Dublin City South,Dublin 2,1,1,No,No,12,Estate Agent
September,Apartment,880.0,Dublin City South,Dublin 22,1,2,Yes,No,12,Owner
September,Apartment,3050.0,Dublin City Sth.,Dublin 2,2,2,Yes,No,120,Owner
September,House,3140.0,Dublin City South,Dublin 12,4,1,No,Yes,12,Owner
September,Apartment,1870.0,Dublin City South,Dublin 8,2,1,No,No,12,Estate Agent
September,House,3060.0,Dublin City South,Dublin 12,5,2,No,Yes,12,Estate Agent
September,Apartment,1470.0,Dublin City South,Dublin 2,1,2,,No,120,Owner
September,Apartment,2570.0,Dublin City North,Dublin 1,2,2,No,No,12,Estate Agent
September,House,5720.0,Dublin City North,Dublin 11,5,1,Yes,Yes,3,Estate Agent
September,Apartment,1770.0,Dublin City North,Dublin 1,2,2,No,No,3,Estate Agent
September,Apartment,1320.0,Dublin City Nth.,Dublin 11,1,1,,No,12,Estate Agent
September,Apartment,1880.0,Dublin City South,Dublin 2,3,1,Yes,No,,Owner
September,House,3260.0,Dublin City South,Dublin 8,4,2,Yes,Yes,6,Owner
September,Apartment,3160.0,Dublin City North,Dublin 1,2,1,Yes,No,120,Owner
September,Apartment,1400.0,Dublin City Nth.,Dublin 15,1,1,,No,120,Estate Agent
September,House,4920.0,Dublin City North,Dublin 1,4,1,Yes,Yes,12,Estate Agent
September,Apartment,2280.0,Dublin City North,Dublin 9,2,1,No,No,12,Estate Agent
September,Apartment,2880.0,Dublin City South,Dublin 2,2,1,No,No,12,Estate Agent
September,Apartment,1330.0,Dublin City North,Dublin 1,2,1,No,No,6,Owner
September,House,5220.0,Dublin City North,Dublin 7,3,2,No,Yes,12,Owner
September,Apartment,2510.0,Dublin City South,Dublin 14,2,1,Yes,No,12,Owner
September,Apartment,890.0,Dublin City North,Dublin 11,1,1,Yes,No,12,Owner
September,Apartment,1250.0,Dublin City Sth.,Dublin 22,2,2,No,No,12,Owner
September,Apartment,2540.0,Dublin City South,Dublin 14,2,2,No,No,6,Estate Agent
September,Apartment,1860.0,South Co Dublin,,1,1,No,No,12,Estate Agent
September,Apartment,1540.0,North Co Dublin,,2,1,No,No,12,Estate  Agent
September,House,4320.0,Dublin City North,Dublin 7,2,2,Yes,No,12,Owner
September,Apartment,1680.0,Dublin City North,Dublin 1,1,1,,No,12,Estate Agent
September,Apartment,1910.0,Dublin City South,Dublin 2,1,1,No,No,12,Estate Agent
September,Apartment,2240.0,Dublin City Sth.,Dublin 12,2,2,No,No,12,Owner
September,House,6060.0,Dublin City North,Dublin 1,3,2,Yes,Yes,12,Estate Agent
September,Apartment,2930.0,Dublin City North,Dublin 1,2,1,No,No,6,Owner
September,Apartment,1460.0,Dublin City North,Dublin 1,1,1,No,No,12,Estate Agent
September,Apartment,5740.0,Dublin City South,Dublin 8,3,1,Yes,No,3,Owner
September,Apartment,1410.0,Dublin City South,Dublin 6,1,1,No,No,120,Owner
September,Apartment,1620.0,Dublin City Nth.,Dublin 1,1,1,,No,12,Owner
September,Apartment,1420.0,Dublin City South,Dublin 10,1,2,Yes,No,6,Owner
September,House,4000.0,Dublin City Nth.,Dublin 13,3,2,Yes,Yes,3,Owner
September,Apartment,1570.0,Dublin City South,Dublin 18,1,2,No,No,3,Owner
September,Apartment,1000.0,Dublin City South,Dublin 18,1,1,No,No,12,Owner
September,Apartment,1650.0,Dublin City South,Dublin 2,2,1,Yes,No,12,Estate Agent
September,Apartment,1860.0,Dublin City North,Dublin 1,1,2,No,,12,Estate Agent
September,Apartment,1250.0,Dublin City North,Dublin 13,1,2,No,No,12,Estate Agent
September,Apartment,3270.0,Dublin City South,Dublin 6W,3,1,No,,12,Owner
September,Apartment,3100.0,North Co Dublin,,3,1,No,No,12,Estate Agent
September,Apartment,1210.0,Dublin City South,Dublin 14,2,1,No,No,12,Owner
September,Apartment,1410.0,Dublin City North,Dublin 1,2,1,No,,12,Estate Agent
September,House,4010.0,Dublin City South,Dublin 12,3,1,Yes,Yes,12,Owner
September,Apartment,1390.0,Dublin City Sth.,Dublin 18,1,1,,No,12,Estate  Agent
September,House,4170.0,Dublin City South,Dublin 6W,3,2,Yes,Yes,12,Estate Agent
September,Apartment,2550.0,Dublin City Sth.,Dublin 2,1,2,Yes,No,12,Estate Agent
September,Apartment,1130.0,Dublin City North,Dublin 1,1,2,No,No,12,Estate Agent
September,House,5600.0,Dublin City South,Dublin 2,2,2,Yes,Yes,3,Owner
September,Apartment,1880.0,Dublin City North,Dublin 11,1,1,Yes,No,12,Owner
September,House,2740.0,Dublin City South,Dublin 22,4,2,Yes,Yes,12,Estate Agent
September,House,3380.0,Dublin City Nth.,Dublin 15,2,1,Yes,Yes,3,Estate Agent
September,Apartment,2150.0,Dublin City Nth.,Dublin 1,1,2,No,No,12,Estate  Agent
September,Apartment,2930.0,Dublin City North,Dublin 1,2,1,No,No,12,Estate Agent
September,Apartment,1370.0,Dublin City South,Dublin 8,2,1,No,,6,Estate Agent
September,Apartment,3540.0,Dublin City South,Dublin 2,3,2,No,No,12,Estate Agent
September,Apartment,1160.0,Dublin City North,Dublin 1,1,1,No,No,12,Estate Agent
September,Apartment,1890.0,Dublin City South,Dublin 2,1,1,No,No,12,Estate Agent
September,Apartment,1230.0,Dublin City North,Dublin 1,1,2,No,No,12,Estate Agent
September,Apartment,1220.0,Dublin City South,Dublin 24,2,1,No,No,6,Owner
September,Apartment,5900.0,Dublin City Nth.,Dublin 1,3,1,,No,12,Estate Agent
September,Apartment,1450.0,Dublin City North,Dublin 1,1,2,No,No,12,Estate Agent
September,Apartment,5090.0,Dublin City North,Dublin 13,3,2,No,No,3,Estate Agent
September,Apartment,1190.0,Dublin City Sth.,Dublin 2,1,1,Yes,No,6,Estate Agent
September,House,3890.0,Dublin City Sth.,Dublin 14,4,1,Yes,Yes,12,Estate Agent
September,Apartment,1340.0,North Co Dublin,,1,1,No,No,12,Estate Agent
September,Apartment,1550.0,Dublin City North,Dublin 1,1,1,No,,12,Estate Agent
September,House,3990.0,North Co Dublin,,2,1,Yes,,6,Estate Agent
September,Apartment,2480.0,Dublin City Sth.,Dublin 2,1,2,No,No,12,Owner
September,Apartment,2250.0,Dublin City Nth.,Dublin 1,1,1,No,No,12,Estate Agent
September,Apartment,1720.0,Dublin City North,Dublin 3,1,1,No,,6,Estate Agent
September,Apartment,1280.0,Dublin City Nth.,Dublin 3,1,2,No,No,6,Owner
September,Apartment,1780.0,Dublin City Nth.,Dublin 3,1,1,No,,12,Owner
September,Apartment,1860.0,Dublin City North,Dublin 1,1,1,Yes,No,12,Estate Agent
September,Apartment,2290.0,Dublin City South,Dublin 4,2,2,No,No,12,Estate Agent
September,House,4430.0,Dublin City South,Dublin 6W,3,2,Yes,Yes,120,Estate Agent
September,Apartment,1340.0,Dublin City Sth.,Dublin 24,2,1,No,No,12,Estate Agent
September,Apartment,1050.0,Dublin City South,Dublin 14,2,1,No,No,12,Owner
September,Apartment,1730.0,Dublin City Nth.,Dublin 17,1,2,No,No,12,Estate Agent
September,Apartment,2470.0,Dublin City South,Dublin 2,1,1,Yes,No,120,Estate Agent
September,Apartment,1090.0,Dublin City South,Dublin 22,2,2,,No,12,Estate Agent
September,House,2850.0,Dublin City Sth.,Dublin 22,5,4,No,Yes,12,Owner
September,Apartment,2160.0,Dublin City Nth.,Dublin 1,1,2,No,No,12,Estate Agent
September,Apartment,2310.0,Dublin City South,Dublin 2,1,1,No,No,12,Estate Agent
September,House,2840.0,Dublin City South,Dublin 14,3,2,Yes,Yes,12,Estate Agent
September,Apartment,1540.0,Dublin City North,Dublin 1,1,1,Yes,,6,Estate Agent
September,Apartment,2070.0,Dublin City South,Dublin 18,1,1,No,,12,Owner
September,House,3860.0,Dublin City North,Dublin 13,4,3,Yes,Yes,3,Owner
September,Apartment,1780.0,Dublin City South,Dublin 2,2,1,Yes,No,12,Estate Agent
September,House,3020.0,Dublin City Nth.,Dublin 11,5,2,Yes,Yes,3,Estate Agent
September,Apartment,2950.0,Dublin City North,Dublin 3,2,1,No,No,12,Estate Agent
September,Apartment,2910.0,Dublin City North,Dublin 3,2,1,,No,12,Estate Agent
September,Apartment,1690.0,Dublin City Nth.,Dublin 1,2,1,No,No,12,Estate Agent
September,Apartment,2090.0,Dublin City Sth.,Dublin 2,1,1,No,No,12,Owner
September,Apartment,4500.0,Dublin City South,Dublin 2,2,2,No,,3,Estate Agent
September,Apartment,2140.0,Dublin City North,Dublin 15,2,2,No,No,6,Estate Agent
September,House,4250.0,Dublin City Sth.,Dublin 2,3,2,Yes,Yes,6,Estate Agent
September,Apartment,1180.0,Dublin City North,Dublin 1,1,1,Yes,No,12,Estate Agent
September,Apartment,1410.0,Dublin City North,Dublin 3,1,1,No,No,12,Estate Agent
September,Apartment,940.0,Dublin City South,Dublin 20,1,2,No,No,12,Owner
September,House,4460.0,Dublin City Sth.,Dublin 6W,3,2,No,Yes,12,Owner
September,Apartment,1660.0,Dublin City South,Dublin 6,1,2,No,No,3,Estate Agent
September,Apartment,2110.0,Dublin City North,Dublin 1,2,1,No,,12,Owner
September,Apartment,1440.0,Dublin City North,Dublin 1,1,1,No,No,12,Owner
September,Apartment,2820.0,Dublin City South,Dublin 18,2,1,No,,120,Estate Agent
October,House,3210.0,Dublin City North,Dublin 1,4,1,Yes,Yes,6,Owner
October,Apartment,1150.0,Dublin City North,Dublin 1,1,2,No,No,12,Estate Agent
October,Apartment,2220.0,Dublin City Nth.,Dublin 9,2,1,Yes,No,12,Estate Agent
October,Apartment,2830.0,Dublin City South,Dublin 2,3,1,No,No,12,Estate Agent
October,Apartment,1720.0,Dublin City North,Dublin 1,1,1,Yes,No,,Estate Agent
October,Apartment,1240.0,Dublin City South,Dublin 2,1,1,No,No,12,Estate Agent
October,Apartment,2110.0,Dublin City South,Dublin 10,3,1,No,No,12,Estate Agent
October,Apartment,1700.0,South Co Dublin,,1,1,No,,12,Owner
October,Apartment,2290.0,Dublin City Sth.,Dublin 2,1,1,No,No,120,Estate Agent
October,Apartment,3190.0,Dublin City North,Dublin 1,2,1,No,No,12,Estate Agent
October,Apartment,1190.0,Dublin City North,Dublin 9,1,1,No,No,12,Estate Agent
October,Apartment,1500.0,Dublin City Sth.,Dublin 2,1,2,No,No,,Estate Agent
October,Apartment,1690.0,Dublin City South,Dublin 24,2,2,No,No,3,Owner
October,Apartment,1440.0,Dublin City North,Dublin 1,1,1,No,,12,Estate Agent
October,Apartment,1860.0,Dublin City Nth.,Dublin 7,1,1,No,No,60,Owner
October,Apartment,1180.0,Dublin City North,Dublin 1,2,2,Yes,No,120,Estate Agent
October,Apartment,1280.0,Dublin City South,Dublin 2,1,2,Yes,No,12,Estate Agent
October,Apartment,2680.0,Dublin City Sth.,Dublin 2,2,1,No,No,12,Estate Agent
October,Apartment,2060.0,Dublin City North,Dublin 9,1,1,No,No,6,Estate Agent
October,Apartment,1550.0,Dublin City South,Dublin 16,2,2,No,No,12,Estate Agent
October,House,3200.0,Dublin City South,Dublin 2,3,2,Yes,,12,Estate Agent
October,Apartment,1410.0,Dublin City North,Dublin 1,2,1,No,No,12,Owner
October,House,4880.0,Dublin City North,Dublin 1,3,2,No,Yes,12,Owner
October,Apartment,1290.0,Dublin City Nth.,Dublin 13,2,2,No,No,12,Owner
October,Apartment,1770.0,Dublin City Sth.,Dublin 2,2,1,No,No,12,Estate  Agent
October,House,3620.0,Dublin City South,Dublin 20,4,4,Yes,Yes,12,Owner
October,House,2860.0,North Co Dublin,,3,1,Yes,Yes,12,Estate Agent
October,House,3690.0,Dublin City Nth.,Dublin 13,4,4,,Yes,12,Estate Agent
October,Apartment,1420.0,Dublin City North,Dublin 3,1,2,No,No,12,Estate Agent
October,Apartment,1250.0,Dublin City North,Dublin 1,1,1,No,No,12,Estate Agent
October,Apartment,1200.0,Dublin City Sth.,Dublin 2,1,1,No,No,12,Owner
October,Apartment,1310.0,North Co Dublin,,1,1,No,No,12,Estate Agent
October,Apartment,2920.0,Dublin City North,Dublin 1,2,1,Yes,No,6,Estate Agent
October,Apartment,1250.0,Dublin City South,Dublin 2,2,1,No,No,12,Estate Agent
October,House,3110.0,Dublin City North,Dublin 11,3,1,No,Yes,12,Owner
October,Apartment,1810.0,Dublin City South,Dublin 20,1,1,No,No,3,Owner
October,Apartment,1540.0,Dublin City Nth.,Dublin 1,2,2,No,No,12,Owner
October,Apartment,1630.0,Dublin City South,Dublin 18,1,1,No,,6,Estate Agent
October,Apartment,2010.0,Dublin City South,Dublin 2,1,1,No,No,12,Owner
October,Apartment,1200.0,Dublin City South,Dublin 2,1,1,Yes,No,12,Estate Agent
October,Apartment,2400.0,Dublin City Sth.,Dublin 2,1,1,No,No,12,Estate Agent
October,House,3530.0,Dublin City Sth.,Dublin 24,3,2,No,Yes,60,Owner
October,Apartment,2300.0,South  Co Dublin,,2,2,No,No,6,Estate Agent
October,Apartment,5230.0,Dublin City North,Dublin 1,3,2,No,No,12,Owner
October,Apartment,2730.0,Dublin City Sth.,Dublin 2,2,1,No,No,12,Owner
October,Apartment,2700.0,Dublin City South,Dublin 2,2,2,,No,120,Owner
October,Apartment,1970.0,Dublin City North,Dublin 1,1,1,No,No,12,Owner
October,House,5790.0,Dublin City South,Dublin 2,3,2,,Yes,60,Owner
October,Apartment,870.0,Dublin City Nth.,Dublin 13,1,1,No,No,12,Estate Agent
October,House,5130.0,Dublin City South,Dublin 6,4,4,Yes,Yes,6,Owner
October,Apartment,2450.0,Dublin City Sth.,Dublin 6W,2,1,Yes,No,3,Estate Agent
October,Apartment,1290.0,Dublin City South,Dublin 20,2,1,No,No,12,Estate Agent
October,Apartment,1810.0,Dublin City North,Dublin 1,1,1,No,,12,Estate Agent
October,Apartment,2600.0,Dublin City North,Dublin 1,2,2,Yes,No,12,Owner
October,House,3250.0,Dublin City South,Dublin 6W,3,1,Yes,Yes,12,Owner
October,House,2740.0,South  Co Dublin,,3,2,Yes,Yes,12,Estate Agent
October,Apartment,1290.0,Dublin City South,Dublin 2,1,2,No,No,12,Estate Agent
October,Apartment,2840.0,Dublin City North,Dublin 1,2,2,No,No,120,Estate Agent
October,Apartment,1320.0,Dublin City North,Dublin 9,2,1,No,No,6,Estate Agent
October,Apartment,2520.0,Dublin City South,Dublin 16,2,1,No,No,12,Estate Agent
October,Apartment,930.0,Dublin City North,Dublin 1,1,2,No,No,12,Estate Agent
October,Apartment,2330.0,Dublin City South,Dublin 2,1,2,No,No,120,Owner
October,House,3260.0,Dublin City Nth.,Dublin 5,4,1,Yes,,3,Owner
October,House,3480.0,Dublin City North,Dublin 13,3,2,Yes,Yes,6,Estate Agent
October,House,2970.0,Dublin City South,Dublin 8,4,2,No,Yes,6,Owner
October,House,3860.0,Dublin City Nth.,Dublin 3,1,2,,Yes,6,Owner
October,Apartment,2040.0,Dublin City Nth.,Dublin 1,2,1,No,No,6,Estate Agent
October,Apartment,1380.0,Dublin City South,Dublin 22,1,2,No,No,12,Owner
October,Apartment,2890.0,Dublin City South,Dublin 2,2,1,No,No,12,Estate Agent
October,House,4470.0,Dublin City Sth.,Dublin 20,4,4,No,Yes,12,Owner
October,Apartment,3450.0,Dublin City South,Dublin 2,2,2,No,No,12,Estate Agent
October,House,2630.0,Dublin City South,Dublin 16,4,1,Yes,Yes,12,Owner
October,Apartment,1960.0,Dublin City South,Dublin 2,2,2,No,No,12,Estate Agent
October,Apartment,1540.0,Dublin City South,Dublin 24,2,1,No,No,12,Owner
October,Apartment,1860.0,Dublin City North,Dublin 1,1,2,No,No,12,Estate Agent
October,Apartment,1220.0,Dublin City North,Dublin 1,1,1,No,No,12,Estate Agent
October,Apartment,1580.0,Dublin City South,Dublin 16,2,2,No,,12,Estate Agent
October,House,2270.0,Dublin City North,Dublin 17,4,2,Yes,,12,Owner
October,House,7650.0,Dublin City South,Dublin 6W,4,4,Yes,Yes,3,Estate Agent
October,Apartment,2130.0,Dublin City North,Dublin 1,1,1,No,No,12,Estate Agent
October,Apartment,1060.0,Dublin City North,Dublin 11,2,2,No,No,12,Estate Agent
October,Apartment,1920.0,Dublin City North,Dublin 1,1,2,Yes,No,3,Estate Agent
October,Apartment,1580.0,Dublin City North,Dublin 13,1,1,No,No,12,Estate Agent
October,Apartment,990.0,Dublin City North,Dublin 11,2,2,No,No,12,Estate Agent
October,Apartment,6360.0,Dublin City Sth.,Dublin 4,3,1,No,No,12,Estate Agent
October,Apartment,1780.0,Dublin City North,Dublin 1,1,1,No,No,6,Owner
October,House,4160.0,Dublin City Sth.,Dublin 20,1,1,No,Yes,12,Owner
October,House,4360.0,Dublin City North,Dublin 7,2,2,No,Yes,12,Owner
October,House,3860.0,Dublin City Sth.,Dublin 2,3,2,Yes,Yes,12,Owner
October,Apartment,2430.0,Dublin City North,Dublin 1,2,2,Yes,No,12,Estate Agent
October,Apartment,3050.0,Dublin City North,Dublin 1,2,1,No,No,,Estate Agent
October,Apartment,1670.0,Dublin City South,Dublin 2,1,1,,No,12,Estate Agent
October,Apartment,2240.0,Dublin City Nth.,Dublin 1,2,1,Yes,No,12,Estate Agent
October,House,4200.0,South Co Dublin,,2,2,,No,12,Estate Agent
October,Apartment,4910.0,Dublin City Sth.,Dublin 12,3,1,No,No,120,Estate Agent
October,House,4500.0,Dublin City South,Dublin 20,5,1,No,Yes,12,Estate Agent
October,Apartment,3440.0,Dublin City North,Dublin 17,3,2,Yes,No,120,Estate Agent
October,House,5190.0,Dublin City North,Dublin 1,3,2,Yes,Yes,12,Owner
October,Apartment,1320.0,Dublin City South,Dublin 12,1,1,No,No,12,Estate Agent
October,Apartment,3620.0,Dublin City North,Dublin 15,3,1,No,No,12,Estate Agent
October,Apartment,2770.0,Dublin City South,Dublin 6W,2,1,No,No,12,Estate Agent
October,Apartment,1410.0,Dublin City South,Dublin 2,1,1,No,No,12,Estate Agent
October,Apartment,1080.0,Dublin City North,Dublin 1,1,1,No,No,12,Estate Agent
October,Apartment,1990.0,Dublin City South,Dublin 16,1,1,No,No,12,Estate Agent
October,Apartment,1630.0,Dublin City North,Dublin 5,1,2,No,No,12,Estate Agent
October,Apartment,2690.0,Dublin City Nth.,Dublin 1,3,1,No,No,12,Estate Agent
October,Apartment,1830.0,Dublin City South,Dublin 4,2,2,No,No,6,Estate Agent
October,Apartment,2980.0,Dublin City South,Dublin 14,3,1,No,No,12,Estate Agent
October,Apartment,1940.0,Dublin City Sth.,Dublin 2,1,1,No,No,6,Estate Agent
October,Apartment,3210.0,Dublin City South,Dublin 2,2,1,No,No,12,Estate Agent
October,House,3180.0,Dublin City South,Dublin 2,4,4,Yes,Yes,12,Owner
October,Apartment,2730.0,South Co Dublin,,2,2,No,No,12,Estate Agent
October,Apartment,2980.0,Dublin City Nth.,Dublin 1,2,2,No,No,6,Estate Agent
October,Apartment,2120.0,Dublin City South,Dublin 16,1,1,Yes,No,3,Owner
October,Apartment,2050.0,Dublin City Sth.,Dublin 2,2,2,No,No,12,Estate Agent
October,Apartment,2520.0,Dublin City South,Dublin 2,1,1,No,No,12,Estate Agent
October,House,5860.0,Dublin City Sth.,Dublin 6,3,1,No,Yes,120,Owner
October,Apartment,1280.0,Dublin City Nth.,Dublin 11,2,1,No,No,12,Owner
October,House,5800.0,Dublin City South,Dublin 20,3,2,Yes,Yes,3,Owner
October,House,6380.0,Dublin City North,Dublin 1,4,3,Yes,Yes,12,Estate Agent
October,Apartment,2590.0,Dublin City South,Dublin 2,1,1,No,No,6,Owner
October,House,4620.0,Dublin City North,Dublin 3,3,2,No,Yes,12,Estate Agent
October,Apartment,2200.0,Dublin City Sth.,Dublin 2,1,1,Yes,,12,Estate Agent
October,Apartment,2180.0,Dublin City North,Dublin 1,1,1,No,No,12,Estate Agent
October,Apartment,4650.0,Dublin City Sth.,Dublin 2,3,1,No,No,12,Estate Agent
October,Apartment,4460.0,Dublin City Sth.,Dublin 4,3,2,Yes,No,12,Estate Agent
October,Apartment,1970.0,Dublin City South,Dublin 14,1,2,No,No,12,Estate Agent
October,Apartment,1780.0,Dublin City North,Dublin 1,1,1,Yes,No,3,Estate Agent
October,Apartment,2680.0,Dublin City Sth.,Dublin 12,2,1,No,No,12,Estate Agent
October,Apartment,2970.0,Dublin City Sth.,Dublin 4,2,1,Yes,No,12,Estate Agent
October,Apartment,1240.0,Dublin City North,Dublin 1,1,2,Yes,No,12,Estate Agent
October,Apartment,1440.0,Dublin City South,Dublin 4,1,2,No,No,12,Estate Agent
October,Apartment,3080.0,Dublin City Nth.,Dublin 1,2,1,No,,6,Estate Agent
October,Apartment,1920.0,Dublin City South,Dublin 2,2,2,No,No,12,Estate Agent
October,Apartment,3040.0,Dublin City South,Dublin 2,2,2,No,No,120,Estate Agent
October,House,3940.0,North Co Dublin,,3,2,No,,6,Estate Agent
October,House,3800.0,Dublin City North,Dublin 11,1,1,,Yes,6,Estate Agent
October,Apartment,1810.0,Dublin City Sth.,Dublin 10,2,1,No,No,120,Owner
October,Apartment,2380.0,Dublin City Sth.,Dublin 2,1,1,No,No,60,Estate Agent
October,Apartment,2170.0,Dublin City Nth.,Dublin 1,1,1,No,No,12,Owner
October,Apartment,2500.0,Dublin City South,Dublin 2,1,1,No,No,12,Estate Agent
October,Apartment,2350.0,Dublin City South,Dublin 2,1,1,No,No,120,Estate Agent
October,House,4570.0,Dublin City North,Dublin 9,3,2,No,,6,Estate Agent
October,Apartment,1340.0,Dublin City North,Dublin 3,2,2,Yes,No,12,Owner
October,Apartment,2640.0,Dublin City South,Dublin 16,2,2,Yes,No,120,Estate Agent
October,Apartment,1450.0,Dublin City North,Dublin 5,2,1,No,No,12,Owner
October,Apartment,1000.0,Dublin City South,Dublin 16,1,1,No,No,120,Estate Agent
October,Apartment,1980.0,Dublin City Nth.,Dublin 1,3,1,Yes,No,12,Estate Agent
October,Apartment,3550.0,Dublin City South,Dublin 2,2,1,No,No,6,Owner
October,Apartment,1500.0,Dublin City North,Dublin 17,2,1,No,,12,Estate Agent
October,House,2330.0,Dublin City Sth.,Dublin 24,4,3,Yes,Yes,12,Owner
October,Apartment,1040.0,Dublin City Sth.,Dublin 12,1,1,Yes,No,3,Owner
October,Apartment,1170.0,Dublin City North,Dublin 1,1,1,No,No,12,Estate Agent
October,Apartment,1810.0,Dublin City Nth.,Dublin 1,2,1,,No,12,Estate Agent
November,Apartment,1460.0,Dublin City North,Dublin 1,2,2,No,No,12,Estate Agent
November,Apartment,2540.0,Dublin City South,Dublin 2,1,1,No,No,12,Owner
November,House,3490.0,Dublin City Sth.,Dublin 18,4,1,No,Yes,12,Owner
November,Apartment,1870.0,Dublin City North,Dublin 3,2,1,No,No,6,Estate Agent
November,Apartment,1100.0,Dublin City South,Dublin 14,1,1,No,No,6,Owner
November,House,3130.0,Dublin City South,Dublin 6W,4,4,Yes,Yes,6,Owner
November,Apartment,1470.0,Dublin City Nth.,Dublin 1,1,1,No,No,6,Owner
November,House,3090.0,Dublin City South,Dublin 22,1,2,No,Yes,6,Estate Agent
November,Apartment,2040.0,Dublin City Nth.,Dublin 7,1,1,No,No,12,Estate Agent
November,Apartment,1230.0,Dublin City Sth.,Dublin 16,1,1,No,No,12,Estate Agent
November,Apartment,1650.0,Dublin City Sth.,Dublin 24,1,1,No,No,12,Owner
November,House,5660.0,Dublin City North,Dublin 15,3,2,Yes,Yes,3,Estate Agent
November,House,5070.0,Dublin City South,Dublin 18,3,1,Yes,,12,Owner
November,Apartment,1530.0,Dublin City South,Dublin 10,2,1,No,No,12,Estate Agent
November,Apartment,2000.0,Dublin City South,Dublin 6,1,1,No,No,12,Owner
November,House,5030.0,Dublin City North,Dublin 1,4,1,No,Yes,6,Owner
November,Apartment,3280.0,Dublin City Sth.,Dublin 2,2,2,No,,12,Owner
November,Apartment,2000.0,Dublin City North,Dublin 1,1,2,No,No,120,Estate Agent
November,House,4800.0,Dublin City South,Dublin 12,4,1,Yes,Yes,12,Owner
November,Apartment,1880.0,Dublin City Sth.,Dublin 2,1,1,No,No,12,Owner
November,Apartment,1790.0,Dublin City Sth.,Dublin 6,2,1,No,No,12,Owner
November,House,3330.0,Dublin City Sth.,Dublin 20,5,4,Yes,,3,Estate Agent
November,Apartment,1660.0,Dublin City North,Dublin 15,1,1,No,No,12,Estate Agent
November,Apartment,2750.0,Dublin City North,Dublin 1,1,1,No,No,3,Estate Agent
November,Apartment,1350.0,Dublin City North,Dublin 1,1,1,Yes,No,12,Estate  Agent
November,Apartment,4400.0,Dublin City North,Dublin 1,3,1,No,No,12,Estate Agent
November,Apartment,2700.0,Dublin City North,Dublin 9,2,1,No,No,12,Estate Agent
November,House,4360.0,Dublin City North,Dublin 1,3,1,Yes,Yes,3,Estate Agent
November,Apartment,1970.0,Dublin City South,Dublin 12,1,2,Yes,No,12,Owner
November,Apartment,1320.0,Dublin City South,Dublin 6,1,2,No,,12,Estate Agent
November,Apartment,1700.0,Dublin City Nth.,Dublin 3,1,1,No,No,12,Estate Agent
November,Apartment,1420.0,Dublin City North,Dublin 1,1,2,No,No,6,Estate Agent
November,House,2900.0,Dublin City Nth.,Dublin 9,3,2,Yes,Yes,12,Owner
November,Apartment,1590.0,Dublin City South,Dublin 2,1,2,Yes,No,3,Owner
November,House,2380.0,Dublin City South,Dublin 20,2,1,No,Yes,60,Estate Agent
November,Apartment,1030.0,Dublin City Sth.,Dublin 20,2,1,No,No,120,Estate Agent
November,Apartment,3130.0,Dublin City North,Dublin 1,2,1,No,No,6,Estate Agent
November,House,4180.0,Dublin City Nth.,Dublin 3,3,2,,Yes,12,Owner
November,Apartment,1850.0,Dublin City South,Dublin 2,2,1,Yes,No,12,Estate Agent
November,Apartment,1990.0,Dublin City South,Dublin 22,2,1,Yes,No,12,Estate Agent
November,Apartment,2010.0,Dublin City North,Dublin 1,2,2,No,No,120,Owner
November,Apartment,1020.0,Dublin City South,Dublin 12,1,1,No,No,12,Estate Agent
November,Apartment,3240.0,Dublin City Nth.,Dublin 17,3,1,Yes,No,12,Estate Agent
November,House,4810.0,Dublin City South,Dublin 14,2,1,Yes,Yes,12,Estate Agent
November,Apartment,1680.0,Dublin City Nth.,Dublin 15,1,1,No,No,12,Estate Agent
November,Apartment,1870.0,Dublin City North,Dublin 5,1,1,No,No,30,Estate Agent
November,Apartment,1600.0,Dublin City North,Dublin 3,1,1,No,No,12,Estate Agent
November,Apartment,1360.0,Dublin City Sth.,Dublin 14,2,2,No,No,12,Estate Agent
November,Apartment,1440.0,Dublin City North,Dublin 17,1,1,No,No,3,Estate Agent
November,Apartment,2880.0,Dublin City South,Dublin 2,2,1,No,No,6,Owner
November,House,5180.0,Dublin City North,Dublin 9,5,4,Yes,Yes,6,Estate Agent
November,Apartment,1090.0,Dublin City South,Dublin 18,1,1,No,No,12,Estate Agent
November,Apartment,880.0,Dublin City Sth.,Dublin 14,1,2,No,No,12,Estate Agent
November,Apartment,4460.0,Dublin City North,Dublin 7,3,2,No,No,12,Estate Agent
November,House,4740.0,Dublin City South,Dublin 6,4,4,No,Yes,30,Owner
November,House,4550.0,Dublin City Sth.,Dublin 10,3,1,Yes,Yes,12,Owner
November,House,5240.0,Dublin City South,Dublin 2,4,2,No,Yes,12,Owner
November,Apartment,1680.0,Dublin City North,Dublin 11,3,1,No,No,12,Estate Agent
November,Apartment,2090.0,Dublin City North,Dublin 5,2,2,No,No,3,Estate Agent
November,Apartment,2480.0,Dublin City Nth.,Dublin 1,2,1,Yes,No,12,Estate Agent
November,Apartment,2640.0,Dublin City North,Dublin 1,2,2,No,No,120,Estate Agent
November,House,3660.0,Dublin City South,Dublin 8,3,1,Yes,Yes,12,Estate Agent
November,House,5180.0,Dublin City South,Dublin 6W,2,1,No,,12,Owner
November,Apartment,1360.0,Dublin City North,Dublin 1,1,2,Yes,No,12,Estate Agent
November,House,4520.0,Dublin City South,Dublin 20,2,1,Yes,Yes,12,Estate Agent
November,Apartment,1570.0,Dublin City North,Dublin 7,1,2,No,No,12,Estate Agent
November,House,4430.0,Dublin City North,Dublin 1,2,1,Yes,Yes,6,Owner
November,House,5970.0,Dublin City South,Dublin 6,3,2,Yes,Yes,12,Estate Agent
November,Apartment,5270.0,Dublin City North,Dublin 1,3,1,No,No,12,Estate Agent
November,Apartment,1320.0,Dublin City Sth.,Dublin 4,2,2,No,,60,Estate Agent
November,Apartment,1660.0,North Co Dublin,,1,1,No,,12,Estate Agent
November,Apartment,800.0,Dublin City North,Dublin 17,1,1,No,No,12,Estate Agent
November,House,3280.0,Dublin City Nth.,Dublin 3,1,2,No,Yes,12,Estate Agent
November,House,4150.0,Dublin City South,Dublin 8,1,2,No,Yes,6,Owner
November,Apartment,1990.0,Dublin City North,Dublin 13,2,2,,No,120,Estate Agent
November,House,3130.0,Dublin City South,Dublin 12,5,3,No,Yes,3,Owner
November,Apartment,1400.0,Dublin City South,Dublin 16,1,2,Yes,No,12,Estate Agent
November,Apartment,1530.0,Dublin City North,Dublin 1,1,1,No,No,12,Owner
November,Apartment,1500.0,Dublin City South,Dublin 2,2,1,No,,12,Owner
November,Apartment,2220.0,Dublin City North,Dublin 1,2,1,No,No,12,Owner
November,Apartment,1080.0,Dublin City North,Dublin 1,1,1,No,No,12,Estate Agent
November,House,3290.0,Dublin City South,Dublin 6W,3,2,Yes,Yes,6,Owner
November,Apartment,920.0,Dublin City North,Dublin 1,1,2,No,,12,Estate Agent
November,Apartment,2430.0,South Co Dublin,,2,1,No,No,12,Estate Agent
November,House,6810.0,Dublin City Sth.,Dublin 4,2,2,No,Yes,12,Owner
November,Apartment,1450.0,Dublin City Sth.,Dublin 4,1,1,,,6,Estate Agent
November,Apartment,1580.0,Dublin City North,Dublin 1,1,1,No,No,12,Estate Agent
November,Apartment,870.0,Dublin City North,Dublin 17,1,1,No,,12,Owner
November,House,5180.0,Dublin City North,Dublin 1,3,1,Yes,Yes,6,Owner
November,Apartment,1610.0,Dublin City Sth.,Dublin 4,1,2,No,No,12,Owner
November,Apartment,1850.0,Dublin City Sth.,Dublin 4,2,1,No,,12,Estate Agent
November,Apartment,1980.0,Dublin City South,Dublin 2,2,2,No,,12,Estate Agent
November,Apartment,1440.0,Dublin City North,Dublin 1,1,2,Yes,No,6,Owner
November,House,6620.0,Dublin City South,Dublin 4,3,2,No,Yes,6,Estate Agent
November,Apartment,1650.0,Dublin City South,Dublin 6,1,1,No,,12,Estate Agent
November,House,4460.0,Dublin City North,Dublin 11,3,1,Yes,Yes,6,Estate Agent
November,Apartment,1160.0,South Co Dublin,,1,1,No,No,12,Estate Agent
November,Apartment,1790.0,Dublin City North,Dublin 1,2,1,No,No,12,Owner
November,Apartment,2180.0,Dublin City Sth.,Dublin 2,2,2,No,No,6,Owner
November,Apartment,4470.0,Dublin City South,Dublin 18,3,1,No,No,120,Estate Agent
November,Apartment,3230.0,Dublin City North,Dublin 1,3,2,No,No,12,Estate Agent
November,House,4680.0,Dublin City Sth.,Dublin 8,3,2,No,Yes,6,Estate  Agent
November,Apartment,3040.0,Dublin City Sth.,Dublin 24,3,2,Yes,No,12,Estate Agent
November,Apartment,1110.0,Dublin City North,Dublin 9,1,2,,No,6,Estate Agent
November,Apartment,2420.0,Dublin City Sth.,Dublin 4,1,2,Yes,No,6,Estate Agent
November,House,5000.0,Dublin City North,Dublin 5,3,1,No,Yes,12,Owner
November,Apartment,1350.0,Dublin City Nth.,Dublin 17,2,1,No,No,12,Estate Agent
November,Apartment,1480.0,Dublin City Nth.,Dublin 15,1,1,No,No,6,Owner
November,Apartment,1640.0,Dublin City South,Dublin 2,1,1,No,No,3,Estate Agent
November,Apartment,1390.0,Dublin City North,Dublin 9,1,2,No,No,12,Owner
November,Apartment,2920.0,Dublin City North,Dublin 1,2,1,No,,6,Estate Agent
November,Apartment,2220.0,Dublin City South,Dublin 6,1,1,No,No,12,Owner
November,House,4870.0,Dublin City South,Dublin 6W,3,1,Yes,Yes,3,Estate Agent
November,Apartment,1700.0,Dublin City Sth.,Dublin 2,1,1,No,No,12,Estate Agent
November,Apartment,1770.0,Dublin City South,Dublin 22,1,1,No,,12,Owner
November,Apartment,1200.0,Dublin City Nth.,Dublin 3,1,1,No,No,6,Estate Agent
November,Apartment,2380.0,Dublin City South,Dublin 2,1,2,No,No,12,Estate Agent
November,Apartment,2180.0,Dublin City South,Dublin 24,2,1,Yes,No,12,Estate  Agent
November,House,4780.0,Dublin City Sth.,Dublin 16,3,1,No,Yes,12,Estate Agent
November,Apartment,1320.0,Dublin City Nth.,Dublin 13,1,2,,No,6,Owner
November,Apartment,2080.0,Dublin City North,Dublin 1,1,1,No,No,12,Owner
November,House,2760.0,Dublin City Sth.,Dublin 22,4,3,Yes,No,120,Estate Agent
November,Apartment,1290.0,Dublin City Sth.,Dublin 2,1,1,No,No,12,Estate Agent
November,Apartment,2820.0,Dublin City Sth.,Dublin 6,2,1,Yes,No,3,Estate Agent
November,Apartment,4440.0,Dublin City South,Dublin 20,3,1,Yes,No,6,Estate Agent
November,House,4180.0,North Co Dublin,,3,2,Yes,Yes,3,Estate Agent
November,House,4350.0,Dublin City North,Dublin 7,4,3,Yes,Yes,12,Owner
November,Apartment,2230.0,Dublin City North,Dublin 1,2,2,No,No,12,Estate Agent
November,Apartment,1160.0,Dublin City South,Dublin 10,1,2,Yes,No,12,Estate Agent
November,House,3530.0,Dublin City South,Dublin 20,3,2,Yes,,6,Estate  Agent
November,House,7280.0,Dublin City Sth.,Dublin 4,4,4,No,Yes,120,Owner
November,House,5460.0,Dublin City North,Dublin 7,4,1,Yes,Yes,12,Owner
November,Apartment,2460.0,Dublin City Nth.,Dublin 5,3,1,Yes,No,3,Estate Agent
November,House,5440.0,Dublin City South,Dublin 2,3,2,Yes,Yes,12,Estate Agent
November,Apartment,1390.0,Dublin City North,Dublin 1,1,2,No,No,12,Estate Agent
November,Apartment,1980.0,North Co Dublin,,2,1,No,No,3,Estate Agent
November,Apartment,1340.0,Dublin City South,Dublin 12,1,1,No,No,12,Estate Agent
November,Apartment,1420.0,Dublin City Nth.,Dublin 1,1,1,,No,12,Estate Agent
November,Apartment,1250.0,Dublin City North,Dublin 1,2,1,No,No,12,Estate  Agent
November,Apartment,1650.0,Dublin City South,Dublin 2,2,2,No,No,12,Estate Agent
November,Apartment,2090.0,Dublin City South,Dublin 2,1,2,No,No,12,Estate Agent
November,House,3430.0,North Co Dublin,,3,2,Yes,Yes,12,Owner
November,Apartment,2070.0,Dublin City Nth.,Dublin 1,1,2,No,No,12,Estate Agent
November,Apartment,1740.0,Dublin City South,Dublin 24,1,2,No,No,,Estate Agent
November,Apartment,1130.0,Dublin City North,Dublin 9,1,1,Yes,,30,Estate Agent
November,Apartment,1580.0,Dublin City South,Dublin 6W,1,1,No,No,120,Estate Agent
November,Apartment,3990.0,Dublin City Nth.,Dublin 1,3,2,No,No,12,Estate Agent
November,Apartment,1420.0,Dublin City North,Dublin 7,2,1,No,No,12,Estate Agent
November,Apartment,1220.0,Nth. Co Dublin,,1,1,No,No,12,Estate Agent
November,House,3630.0,Dublin City North,Dublin 9,4,4,No,Yes,60,Owner
November,Apartment,1410.0,Dublin City Sth.,Dublin 2,2,1,No,No,12,Owner
November,House,3200.0,North Co Dublin,,4,2,Yes,Yes,12,Estate Agent
November,Apartment,4880.0,Dublin City South,Dublin 8,3,1,Yes,No,12,Estate Agent
November,Apartment,2120.0,Dublin City South,Dublin 14,2,1,No,No,12,Estate Agent
November,Apartment,1060.0,Dublin City Sth.,Dublin 2,1,2,No,No,6,Owner
November,Apartment,1840.0,Dublin City Nth.,Dublin 9,1,1,No,No,6,Estate Agent
November,Apartment,1240.0,Dublin City South,Dublin 10,2,1,Yes,No,120,Estate Agent
November,Apartment,1500.0,Dublin City North,Dublin 1,2,2,No,No,12,Owner
November,House,4370.0,Dublin City South,Dublin 22,3,2,Yes,,12,Owner
November,Apartment,1850.0,Dublin City North,Dublin 1,2,1,No,No,12,Estate Agent
November,Apartment,790.0,Dublin City Nth.,Dublin 11,1,2,No,No,120,Owner
November,Apartment,2300.0,Dublin City South,Dublin 24,2,1,No,No,12,Owner
November,House,4820.0,Dublin City North,Dublin 11,1,2,Yes,No,3,Owner
November,Apartment,1280.0,Dublin City Sth.,Dublin 6,1,1,Yes,No,120,Owner
November,House,4740.0,Dublin City South,Dublin 12,3,1,,Yes,6,Owner
November,Apartment,1730.0,Dublin City North,Dublin 1,1,2,No,No,12,Estate Agent
November,Apartment,1750.0,Dublin City North,Dublin 5,1,2,No,No,12,Owner
November,Apartment,1600.0,Dublin City South,Dublin 16,1,2,Yes,No,12,Estate Agent
November,Apartment,2260.0,Dublin City Nth.,Dublin 1,1,1,No,No,12,Estate Agent
November,Apartment,980.0,Dublin City North,Dublin 13,1,1,No,No,12,Estate Agent
November,Apartment,1640.0,Dublin City North,Dublin 1,2,2,No,No,120,Estate Agent
November,House,3530.0,Dublin City Nth.,Dublin 1,3,2,No,,3,Estate Agent
November,Apartment,1530.0,Dublin City South,Dublin 22,2,1,Yes,No,12,Estate  Agent
November,Apartment,2370.0,Dublin City Nth.,Dublin 1,2,2,Yes,No,3,Estate Agent
November,Apartment,1330.0,Dublin City Nth.,Dublin 1,1,2,No,No,12,Owner
November,Apartment,2700.0,Dublin City South,Dublin 2,2,1,Yes,No,6,Estate Agent
November,House,2860.0,North Co Dublin,,4,4,No,Yes,12,Owner
November,Apartment,3090.0,Dublin City Sth.,Dublin 22,2,2,,No,3,Estate Agent
November,Apartment,2820.0,Dublin City South,Dublin 2,1,2,No,No,3,Estate Agent
November,Apartment,1670.0,Dublin City North,Dublin 1,2,2,No,No,6,Estate Agent
December,Apartment,1300.0,Dublin City North,Dublin 1,1,1,No,No,12,Estate Agent
December,Apartment,1150.0,Dublin City North,Dublin 1,1,1,No,No,12,Owner
December,House,5250.0,Dublin City North,Dublin 1,3,1,Yes,Yes,12,Estate Agent
December,Apartment,1250.0,Dublin City North,Dublin 1,1,1,No,No,12,Estate Agent
December,Apartment,3220.0,Dublin City South,Dublin 2,2,1,No,No,12,Owner
December,Apartment,5260.0,Dublin City Nth.,Dublin 1,3,1,No,No,12,Estate Agent
December,Apartment,1210.0,North Co Dublin,,1,2,No,No,12,Estate Agent
December,Apartment,1480.0,Dublin City South,Dublin 2,1,2,No,No,120,Owner
December,House,4430.0,North Co Dublin,,3,2,Yes,Yes,30,Estate Agent
December,Apartment,2420.0,Dublin City Sth.,Dublin 18,2,2,,No,120,Estate Agent
December,Apartment,1350.0,North Co Dublin,,2,1,No,No,12,Estate Agent
December,House,4050.0,Dublin City South,Dublin 14,3,1,Yes,,12,Owner
December,Apartment,1380.0,Dublin City Sth.,Dublin 2,2,1,No,No,12,Estate Agent
December,Apartment,3270.0,Dublin City South,Dublin 2,2,1,No,No,6,Estate Agent
December,Apartment,5120.0,Dublin City North,Dublin 1,3,1,Yes,No,12,Estate Agent
December,Apartment,1120.0,Dublin City North,Dublin 5,1,2,,No,3,Estate Agent
December,Apartment,4300.0,Dublin City Nth.,Dublin 1,3,2,Yes,No,3,Estate Agent
December,Apartment,2040.0,Dublin City South,Dublin 2,2,1,No,No,12,Estate  Agent
December,Apartment,2360.0,Dublin City Nth.,Dublin 5,2,2,No,No,3,Estate  Agent
December,Apartment,4060.0,Dublin City North,Dublin 3,3,1,No,No,12,Estate Agent
December,Apartment,1810.0,Dublin City South,Dublin 2,1,1,No,No,12,Owner
December,Apartment,1040.0,Dublin City North,Dublin 1,1,1,No,No,12,Estate  Agent
December,Apartment,1120.0,Dublin City North,Dublin 13,1,1,No,No,3,Estate Agent
December,Apartment,2010.0,Dublin City North,Dublin 1,3,1,,No,12,Estate  Agent
December,Apartment,1400.0,Dublin City Sth.,Dublin 2,1,1,,No,12,Estate Agent
December,Apartment,2010.0,Dublin City South,Dublin 20,3,2,No,No,12,Estate Agent
December,Apartment,1610.0,Dublin City North,Dublin 3,1,1,No,No,12,Owner
December,Apartment,4220.0,Dublin City South,Dublin 2,3,1,No,No,12,Estate Agent
December,Apartment,3060.0,Dublin City South,Dublin 4,2,2,,No,12,Estate Agent
December,Apartment,2140.0,Dublin City North,Dublin 9,2,1,No,No,12,Estate Agent
December,Apartment,1690.0,Dublin City North,Dublin 1,1,1,Yes,No,12,Estate Agent
December,House,5110.0,Dublin City North,Dublin 7,3,2,Yes,Yes,,Estate Agent
December,Apartment,3610.0,Dublin City South,Dublin 2,2,2,No,No,12,Estate Agent
December,Apartment,1410.0,Dublin City North,Dublin 1,2,1,No,No,12,Estate Agent
December,Apartment,3060.0,Dublin City North,Dublin 1,2,1,No,No,12,Owner
December,House,4430.0,Dublin City North,Dublin 17,3,2,,Yes,12,Estate Agent
December,Apartment,1040.0,Dublin City North,Dublin 1,1,1,No,No,6,Estate Agent
December,Apartment,2430.0,Dublin City South,Dublin 4,3,1,No,No,12,Owner
December,Apartment,2090.0,Dublin City North,Dublin 17,2,1,No,No,6,Estate Agent
December,Apartment,2600.0,Dublin City South,Dublin 2,2,2,No,No,12,Owner
December,Apartment,2010.0,Dublin City North,Dublin 1,2,1,Yes,No,12,Owner
December,Apartment,5260.0,Dublin City Nth.,Dublin 1,3,1,No,No,6,Owner
December,House,5590.0,Dublin City Nth.,Dublin 7,5,3,No,Yes,12,Owner
December,House,3880.0,Dublin City Nth.,Dublin 1,4,2,No,Yes,3,Owner
December,Apartment,2450.0,Dublin City South,Dublin 22,2,2,Yes,No,120,Estate Agent
December,Apartment,1650.0,Dublin City North,Dublin 9,1,1,Yes,No,12,Estate Agent
December,Apartment,1470.0,Dublin City South,Dublin 6,1,2,,No,12,Estate Agent
December,House,4140.0,Dublin City Sth.,Dublin 22,4,4,No,Yes,30,Estate Agent
December,Apartment,1180.0,Dublin City North,Dublin 1,1,1,No,No,12,Estate Agent
December,Apartment,1040.0,Dublin City North,Dublin 1,1,1,No,No,12,Estate Agent
December,Apartment,1420.0,Dublin City Nth.,Dublin 9,1,1,,No,12,Estate Agent
December,Apartment,2020.0,South Co Dublin,,1,1,No,No,12,Estate Agent
December,House,4260.0,Dublin City North,Dublin 13,4,2,Yes,Yes,3,Owner
December,Apartment,2630.0,Dublin City Nth.,Dublin 17,3,1,No,No,6,Estate Agent
December,Apartment,1090.0,Dublin City North,Dublin 9,2,1,No,No,120,Owner
December,Apartment,2470.0,Dublin City Nth.,Dublin 1,2,2,No,No,12,Estate Agent
December,Apartment,1720.0,Dublin City North,Dublin 7,1,1,No,No,12,Owner
December,Apartment,2440.0,Dublin City South,Dublin 16,2,1,,No,12,Owner
December,Apartment,2080.0,Dublin City Nth.,Dublin 13,2,1,No,No,12,Estate Agent
December,Apartment,2420.0,Dublin City South,Dublin 2,1,1,No,No,12,Estate Agent
December,House,3980.0,Dublin City South,Dublin 8,5,3,Yes,Yes,12,Estate Agent
December,Apartment,1550.0,Dublin City Nth.,Dublin 1,1,1,No,No,12,Estate Agent
December,Apartment,2200.0,Dublin City South,Dublin 4,1,1,No,No,12,Estate Agent
December,Apartment,2180.0,Dublin City North,Dublin 3,2,2,No,,120,Estate Agent
December,Apartment,2560.0,Dublin City South,Dublin 4,1,1,,No,12,Estate Agent
December,Apartment,1040.0,Dublin City North,Dublin 13,1,1,No,No,12,Estate Agent
December,House,3870.0,Dublin City Nth.,Dublin 1,4,2,Yes,Yes,12,Owner
December,Apartment,1360.0,Dublin City South,Dublin 2,2,2,No,No,12,Owner
December,House,3220.0,Dublin City South,Dublin 4,2,2,,No,12,Owner
December,Apartment,1600.0,Dublin City Sth.,Dublin 2,1,1,No,,12,Estate Agent
December,House,2810.0,Dublin City South,Dublin 22,4,2,Yes,Yes,12,Estate Agent
December,Apartment,2800.0,Dublin City North,Dublin 9,3,1,Yes,No,12,Estate Agent
December,Apartment,1110.0,South Co Dublin,,1,2,No,No,12,Estate Agent
December,Apartment,2780.0,Dublin City North,Dublin 9,2,1,No,No,12,Estate Agent
December,House,2970.0,Dublin City North,Dublin 15,3,2,Yes,Yes,6,Owner
December,Apartment,1200.0,Dublin City North,Dublin 9,1,2,,No,6,Estate Agent
December,Apartment,1260.0,Dublin City South,Dublin 16,1,1,No,No,12,Estate Agent
December,Apartment,3910.0,Dublin City South,Dublin 2,3,1,No,No,12,Estate Agent
December,Apartment,3020.0,Dublin City North,Dublin 1,2,1,No,No,12,Estate Agent
December,Apartment,1960.0,Dublin City Sth.,Dublin 2,1,1,No,,12,Estate Agent
December,Apartment,2560.0,Dublin City South,Dublin 2,1,2,,No,12,Estate Agent
December,House,3760.0,Dublin City North,Dublin 9,4,2,No,Yes,12,Estate Agent
December,House,4060.0,Dublin City South,Dublin 4,4,1,Yes,Yes,30,Owner
December,Apartment,1860.0,Dublin City North,Dublin 9,1,2,No,No,12,Estate  Agent
December,Apartment,1610.0,Dublin City South,Dublin 20,1,1,No,No,12,Estate Agent
December,House,6800.0,Dublin City Nth.,Dublin 3,4,2,,Yes,3,Estate Agent
December,Apartment,2720.0,Dublin City North,Dublin 13,2,2,No,,12,Estate Agent
December,Apartment,2490.0,Dublin City North,Dublin 1,2,2,No,No,12,Estate Agent
December,House,4620.0,Dublin City North,Dublin 15,4,3,Yes,Yes,6,Estate  Agent
December,Apartment,1000.0,Dublin City North,Dublin 5,1,1,No,No,6,Owner
December,Apartment,1290.0,Dublin City Sth.,Dublin 24,2,1,No,No,120,Owner
December,Apartment,1940.0,Dublin City South,Dublin 8,1,1,No,No,12,Estate Agent
December,Apartment,1320.0,Dublin City Sth.,Dublin 2,2,1,No,No,,Owner
December,House,5090.0,Dublin City South,Dublin 20,3,1,Yes,Yes,6,Owner
December,Apartment,1720.0,Dublin City North,Dublin 1,1,1,No,No,12,Owner
December,Apartment,1330.0,Dublin City Sth.,Dublin 2,1,1,No,No,12,Estate Agent
December,House,2740.0,Dublin City North,Dublin 11,4,2,Yes,Yes,120,Estate Agent
December,House,5000.0,Dublin City North,Dublin 1,4,2,Yes,Yes,120,Owner
December,Apartment,2230.0,Dublin City North,Dublin 1,2,1,No,No,12,Estate Agent
December,House,3340.0,Dublin City South,Dublin 12,4,1,No,Yes,6,Owner
December,House,5920.0,Dublin City South,Dublin 8,3,2,Yes,,3,Owner
December,Apartment,1570.0,Dublin City North,Dublin 13,2,1,No,No,12,Estate Agent
December,Apartment,1150.0,Dublin City Sth.,Dublin 2,1,2,No,No,120,Owner
December,Apartment,3120.0,Dublin City South,Dublin 2,2,1,No,No,3,Estate Agent
December,Apartment,1060.0,Dublin City South,Dublin 2,1,1,No,No,12,Owner
December,Apartment,1640.0,Dublin City Sth.,Dublin 2,2,1,No,No,12,Estate Agent
December,Apartment,1900.0,Dublin City South,Dublin 2,1,1,No,No,12,Owner
December,Apartment,1800.0,Dublin City Sth.,Dublin 2,1,2,,No,12,Owner
December,Apartment,2240.0,Dublin City Nth.,Dublin 1,1,1,No,No,12,Owner
December,Apartment,2290.0,Dublin City South,Dublin 2,1,2,,No,12,Owner
December,House,2260.0,Dublin City North,Dublin 11,3,2,Yes,No,6,Estate Agent
December,House,6410.0,Dublin City South,Dublin 6,5,2,No,Yes,3,Estate Agent
